{
  "apiList": [
    "api.hzhebiao.com",
    "api.gp153ebz.shop",
    "api.yudefree.com",
    "api.3bdt08wr.shop"
  ],
  "imgList": [
    "image.h08evngw.shop",
    "image.dmkyachi.com",
    "image.oiedkrzq.shop",
    "image.kcw4hxhw.shop"
  ],
  "h5List": [
    "h5.127867.com"
  ],
  "downloadList": [
    "app.vj2e5diu.shop",
    "app.pfeb9ck6.shop",
    "app.yrw3mxnk.shop"
  ],
  "color": "#cb2330",
  "siteId": "3761700331569537024",
  "appName": "大普科技",
  "sportName": "大普体育",
  "isoCode": "CHN",
  "hiChatAccount": "88888888"
}
