{
  "0000": "Success",
  "0001": "Failed",
  "0002": "Tip",
  "0003": "Cancel",
  "0004": "Sure",
  "0005": "Got it",
  "0006": "Copied",
  "0007": "None",
  "0008": "Failed to obtain national ISO encoding configuration file",
  "0009": "Failed to obtain configuration file, please reopen the app",
  "0010": "Failed to obtain configuration interface config",
  "0011": "Security verification failed, please try again",
  "0012": "Loading...",
  "0013": "Loading",
  "0014": "Token is invalid!",
  "0015": "The network is stuck, please try again later!",
  "0016": "The page is lost, please click refresh later",
  "0017": "More content",
  "0018": "Pull down to refresh",
  "0019": "Loading completed",
  "0020": "Loading failed",
  "0021": "Release and start loading",
  "0022": "Release to load more",
  "0023": "No data",
  "0024": "Network lag~",
  "0025": "Refresh",
  "0026": "Stay tuned!",
  "0027": "Developing",
  "0028": "New device login",
  "0029": "Session has expired",
  "0030": "Please log in again",
  "0031": "UnLogin",
  "0032": "Wonderful content is waiting for you to experience, log in now!",
  "0033": "Your account is logged in on another device, please log in again!",
  "0034": "The application needs to be updated and will be restarted soon",
  "0035": "Restart now ({count}s)",
  "0036": "Access restricted",
  "0037": "Dear, access to our services is prohibited in your area. If you have any questions, please contact our online customer service",
  "0038": "Your IP：{ip}",
  "0039": "Comprehensive maintenance",
  "0040": "The platform is under maintenance",
  "0041": "Maintenance time is up {time}",
  "0042": "Back",
  "0043": "The line is abnormal, please try again later.",
  "0044": "Restart",
  "0045": "Connection timeout",
  "0046": "Dear, it may be that the network is unstable and your page cannot receive the signal temporarily. Please try to reconnect",
  "0047": "Please close the app and reopen it",
  "0048": "Don't show again today",
  "0049": "Customer service has changed the login password",
  "0050": "Reset your login password?",
  "0100": "Skip",
  "0101": "Try it now",
  "0103": "福利中心惊喜不断",
  "0104": "VIP多种等级 月月有福利 日日有惊喜",
  "0105": "普及福利 每月红包 生日福利 专属豪礼",
  "0107": "实时赛事直播&聊天",
  "0108": "即将数据与分析 助你轻松投注",
  "0109": "足球 篮球 网球 棒球",
  "0111": "滚球秒确认&高效结算",
  "0112": "玩转体育 滚球秒确认 高效结算",
  "0113": "滚球 今日 早盘 串场 冠军",
  "0115": "百万出款秒到账",
  "0116": "资金安全可靠 存取方便快捷",
  "0117": "支付宝 微信 银联 USDT",
  "0118": "Event",
  "0119": "Game ",
  "0120": "InPlay",
  "0121": "Records",
  "0122": "My",
  "0123": "Promotion",
  "0124": "Live",
  "0125": "Plaza",
  "0126": "All",
  "0127": "Agent",
  "0128": "Doing",
  "0129": "Home",
  "0130": "Log in",
  "0131": "Sign up",
  "0132": "Please enter username",
  "0133": "Must use 6~15 digits and letters, special symbols cannot be used",
  "0134": "Please enter password",
  "0135": "Please enter 6~15 characters",
  "0136": "A combination of English and numbers, excluding special symbols",
  "0137": "At least three different characters",
  "0138": "Please keep your password properly to avoid the risk of leakage.",
  "0139": "Please enter the password again",
  "0140": "The two password inputs are inconsistent",
  "0141": "Please enter the 8-digit invitation code",
  "0142": "Please enter the 8-digit invitation code (optional)",
  "0143": "Please enter the invitation code",
  "0144": "Please select currency",
  "0145": "Please select language",
  "0146": "",
  "0147": "User Agreement",
  "0148": "Create user",
  "0149": "Registration successful",
  "0150": "Account and password login",
  "0151": "Forgot password",
  "0152": "Remember password",
  "0153": "Check first?",
  "0154": "Mobile phone login",
  "0155": "Remember mobile number",
  "0156": "Code",
  "0157": "Get code",
  "0158": "Verification code sent successfully",
  "0159": "Resend",
  "0160": "{second}s",
  "0161": "Please enter verification code",
  "0162": "Please enter the correct 5-digit verification code",
  "0163": "Log in using mobile phone number",
  "0164": "Log in using account method",
  "0165": "Reset password",
  "0166": "Please enter a new password",
  "0167": "Please enter phone number",
  "0168": "Next",
  "0169": "Post",
  "0170": "Please enter the correct verification code",
  "0171": "Password reset successful",
  "0172": "Please enter the correct mobile phone number",
  "0173": "Customer Service",
  "0174": "Option",
  "0175": "Start",
  "0176": "End",
  "0177": "The current system supports querying the records of the last {max} days",
  "0178": "The current system supports querying records with a maximum span of {max} days.",
  "0179": "to",
  "0180": "Today",
  "0181": "Yesterday",
  "0182": "The day before yesterday",
  "0183": "Last 3 days",
  "0184": "Last 7 days",
  "0185": "Nearly 30 days",
  "0186": "This month",
  "0187": "Last month",
  "0188": "Nearly 2 months",
  "0189": "Nearly 3 months",
  "0190": "Nearly 6 months",
  "0191": "Nearly 1 year",
  "0500": "Are you sure you want to exit the game?",
  "0501": "Temporarily unavailable",
  "0502": "Rebate",
  "0503": "Play Now",
  "0504": "Historical searches",
  "0505": "Please enter game name",
  "0506": "Hot",
  "0507": "Recent",
  "0508": "Collect",
  "0509": "System under maintenance",
  "0510": "Other currencies are not supported yet",
  "0511": "Please switch the main wallet to {fiat}",
  "0512": "No",
  "0513": "Bureau number",
  "0514": "Bet",
  "0515": "Valid bet",
  "0516": "The order number has been copied to the clipboard",
  "0517": "BetAmount：{betAmount}",
  "0518": "{count}",
  "0519": "Total {count}",
  "0520": "BetAmount {betAmount}",
  "0521": "Win {win}",
  "0522": "Collect",
  "0523": "All",
  "0525": "Sport",
  "0526": "Casino",
  "0527": "Poker",
  "0528": "Egaming",
  "0529": "Slot",
  "0530": "Fishing",
  "0531": "Lottery",
  "0532": "YH",
  "0533": "AsiaGaming",
  "0534": "AsiaGaming",
  "0535": "BG",
  "0536": "BBIN",
  "0537": "EVO",
  "0538": "KY",
  "0539": "JDB",
  "0540": "CQ9",
  "0541": "JDB",
  "0542": "DG",
  "0543": "WE",
  "0544": "SABA",
  "0545": "MicroGaming",
  "0546": "FunGaming",
  "0547": "FunGaming",
  "0548": "FunGaming",
  "0549": "NW",
  "0550": "Pocket Games",
  "0551": "MT",
  "0552": "MT",
  "0553": "MT",
  "0554": "LEGaming",
  "0555": "LEGaming",
  "0556": "LEGaming",
  "0557": "CR",
  "0558": "BBIN",
  "0559": "BBIN",
  "0560": "DB",
  "0561": "BBIN",
  "0562": "HZ",
  "0563": "FB",
  "0564": "BG",
  "0565": "SABA Sports",
  "0566": "TY",
  "0567": "TY",
  "0568": "TY",
  "0569": "YGR",
  "0570": "YH Sports",
  "0571": "BS",
  "0572": "BS",
  "0573": "BS",
  "0574": "YGR",
  "0575": "SY",
  "0576": "VG",
  "0577": "VG",
  "0578": "VG",
  "0579": "TG",
  "0580": "TG",
  "0581": "TG",
  "0582": "IG",
  "0583": "SY",
  "0584": "AsiaGaming",
  "1000": "Insufficient number of positions, cannot be matched (at least {count} combinations are required)",
  "1001": "The amount of bet exceeds the limit",
  "1002": "Submission successful",
  "1003": "You have betting options that do not support cross-matching",
  "1004": "Betting amount",
  "1005": "Winnable",
  "1006": "Total {count} notes",
  "1007": "Continue betting on this order",
  "1009": "Re-bet this order",
  "1010": "Add Combo",
  "1011": "Not support combo",
  "1012": "Total bet amount",
  "1013": "Winning amount",
  "1014": "This event does not support cross-matching",
  "1015": "The market is closed",
  "1016": "The event status has changed and the game is locked",
  "1017": "Odds have changed",
  "1018": "Limit",
  "1019": "Note",
  "1020": "Principal",
  "1021": "Single Bet",
  "1022": "Ticket betting",
  "1023": "Betting successful",
  "1024": "Betting failed",
  "1025": "Added to cross-level",
  "1026": "Betting item odds, handicap or news have been changed",
  "1027": "The wallet balance is insufficient, please go to recharge",
  "1028": "Failed to retrieve handicap information",
  "1029": "Click to chat",
  "1030": "Please recharge first!",
  "1031": "Get chat data up",
  "1032": "Get chat data down",
  "1033": "Chat Room",
  "1034": "Advertising and fraud are not allowed, and violators will have their accounts banned",
  "1035": "You need to recharge before you can speak",
  "1036": "More information is available",
  "1037": "No odds yet",
  "1038": "Midfield",
  "1039": "full audience",
  "1040": "Running",
  "1042": "disk",
  "1043": "bureau",
  "1044": "G{n}",
  "1045": "S{n}",
  "1046": "Out",
  "1047": "The game has not started yet",
  "1048": "Number of rounds",
  "1049": "Number of plates",
  "1050": "This Bureau",
  "1051": "Total score",
  "1052": "{count} network request error,{msg}",
  "1053": "{count} network request error, return data is empty",
  "1054": "This event has ended or is currently inaccessible. Please try again later or choose another event",
  "1055": "First Half",
  "1056": "No live broadcast yet",
  "1060": "HT",
  "1061": "FT",
  "1062": "More {sportName} events",
  "1064": "Full score",
  "1065": "Halftime score",
  "1066": "flat",
  "1067": "lose",
  "1068": "Lost half",
  "1069": "win",
  "1070": "Win half",
  "1071": "Settlement in advance",
  "1072": "Section {period}",
  "1073": "The market price has changed and the order cannot be followed",
  "1074": "Data is abnormal, order cannot be followed",
  "1075": "HDP",
  "1076": "HDP",
  "1077": "HDP",
  "1078": "O/U",
  "1079": "1x2",
  "1080": "1x2",
  "1081": "1x2",
  "1082": "1x2",
  "1083": "Single level",
  "1084": "Bet amount",
  "1085": "Betting time",
  "1086": "Betting details",
  "1087": "Betting odds",
  "1088": "Betting method",
  "1089": "Betting Odds",
  "1090": "Betting time",
  "1091": "shooting time score",
  "1092": "League to which you belong",
  "1093": "Competition Team",
  "1094": "Game time",
  "1095": "Competition results",
  "1096": "Should you settle {currency} {buyBackPricing} in advance?",
  "1097": "This bet has been successfully settled {currency} {buyBackPricing}?",
  "1098": "The actual settlement amount shall be subject to the current time",
  "1099": "Please check the balance record",
  "1100": "Collect rice",
  "1101": "Maximum win",
  "1102": "First show time",
  "1104": "Post orders",
  "1105": "Follow orders",
  "1106": "Only for bets exceeding 100",
  "1107": "Other people's orders",
  "1108": "Betting number",
  "1110": "The early settlement amount includes the principal",
  "1111": "Result",
  "1112": "Game time",
  "1113": "Select all",
  "1114": "Reverse selection",
  "1115": "Selected",
  "1116": "league",
  "1117": "Select up to 10 betting items",
  "1118": "Refunded",
  "1119": "Confirmed",
  "1120": "Cancelled",
  "1121": "Pending",
  "1122": "Rejected",
  "1123": "Obsolete",
  "1124": "Unsettled",
  "1125": "Settled",
  "1126": "O",
  "1127": "U",
  "1128": "H",
  "1129": "A",
  "1130": "D",
  "1131": "Follow",
  "1133": "Soccer",
  "1134": "Basketball",
  "1135": "Tennis",
  "1136": "Volleyball",
  "1137": "PingPong",
  "1138": "Badminton",
  "1139": "Baseball",
  "1140": "Cricket",
  "1141": "Football",
  "1142": "Detail",
  "1143": "Today",
  "1144": "InPlay",
  "1145": "Early",
  "1146": "Parlay",
  "1147": "Champion",
  "1148": "InPlay",
  "1149": "Today",
  "1150": "Special",
  "1151": "Popular",
  "1152": "Other",
  "1153": "League",
  "1154": "Time",
  "1155": "Malay Odds",
  "1156": "Hong Kong Odds",
  "1157": "Euro Odds",
  "1158": "Indo Odds",
  "1159": "Usa Odds",
  "1160": "Clear successfully",
  "1161": "Event Detail",
  "1162": "The network is stuck, please try again!",
  "1163": "Please click refresh later!",
  "1164": "Click to refresh ({count})",
  "1500": "Please login/register",
  "1501": "Welfare",
  "1502": "Wallet",
  "1503": "VIP",
  "1504": "Deposit",
  "1505": "Withdraw",
  "1506": "General",
  "1507": "Agent",
  "1508": "Safety Center",
  "1509": "Game Rebates",
  "1510": "Promotion",
  "1511": "Refer a friend",
  "1512": "Transaction Records",
  "1513": "Betting Records",
  "1514": "Cards",
  "1515": "Address Management",
  "1516": "Affiliate",
  "1517": "Sports",
  "1518": "Event Settings",
  "1519": "Help Center",
  "1520": "System",
  "1521": "Vibration",
  "1522": "Language",
  "1523": "Timezone Settings",
  "1524": "Theme",
  "1525": "Light",
  "1526": "Dark",
  "1527": "Auto",
  "1528": "Device",
  "1529": "Services",
  "1530": "Feedback",
  "1531": "Version",
  "1532": "Storage",
  "1533": "Are you sure you want to clear cache?",
  "1534": "About us",
  "1535": "Sign Out",
  "1536": "Are you sure you want to log out？",
  "1537": "Choose profile picture",
  "1538": "Last login",
  "1539": "Profile",
  "1540": "Change password",
  "1541": "Change fund password",
  "1542": "Mobile number",
  "1543": "Email binding",
  "1544": "ID",
  "1545": "Invite code",
  "1546": "Enter birthday to claim birthday special award",
  "1547": "Change your log-in password regularly for safety",
  "1548": "Edit",
  "1549": "Nickname",
  "1550": "Gender",
  "1551": "Male",
  "1552": "Female",
  "1553": "Birthday ",
  "1554": "Select date of birth",
  "1555": "Save",
  "1556": "Please enter the old password",
  "1557": "Please enter 6~15 digit password",
  "1558": "Please enter the 6~15 digit password again",
  "1560": "Please enter 6~15 digit login password",
  "1561": "Please enter the 6-digit new fund password",
  "1562": "Please enter the new 6-digit fund password again",
  "1563": "You have bound your mobile phone number",
  "1564": "If you need help, please ",
  "1565": "contact 7x24 customer service",
  "1566": "Please enter your email address",
  "1567": "Browsing history",
  "1568": "The old password and the new password cannot be consistent",
  "1569": "Login password changed successfully",
  "1575": "Send verification code",
  "1576": "Game",
  "1577": "Unset",
  "1578": "Please enter the 6-digit payment password",
  "1579": "Fund password",
  "1581": "Modification successful",
  "1582": "Must be composed of 6 digits",
  "1583": "Set successfully",
  "1584": "Please set a fund password",
  "1585": "Enter the fund password again",
  "1587": "Previous step",
  "1589": "You have not set a {typeName} fund password",
  "1590": "Settings",
  "1591": "This is the latest version",
  "1592": "Order number",
  "1593": "Date time",
  "1594": "Exchange currency",
  "1595": "Exchange amount",
  "1596": "Exchange rate",
  "1597": "Currency",
  "1598": "Amount",
  "1599": "Deposit time",
  "1600": "Adjustment type",
  "1601": "Adjust currency",
  "1602": "Adjustment amount",
  "1603": "Notes",
  "1605": "Affiliated venue",
  "1606": "Task type",
  "1607": "Venue/Game",
  "1608": "Bet currency",
  "1610": "Deposit amount",
  "1611": "Member Upgrade",
  "1612": "Promotion ratio",
  "1613": "Promotion amount",
  "1614": "Bonus Details",
  "1615": "Bonus name",
  "1617": "Betting time",
  "1618": "Membership level",
  "1620": "Rebate ratio",
  "1621": "Rebate amount",
  "1622": "Withdrawal turnover multiple",
  "1623": "Withdrawal amount",
  "1624": "Rebate time",
  "1625": "Cashback details",
  "1626": "Cashback type",
  "1627": "Task details",
  "1628": "Task group name",
  "1629": "Task entry name",
  "1630": "Email binding successful",
  "1631": "Link your email",
  "1632": "Please enter a correct email address",
  "1633": "Confirm",
  "1634": "Bind mobile phone number",
  "1635": "Resend verification code",
  "1636": "Mobile phone number bound successfully",
  "1638": "Verification",
  "1639": "A text message has been sent to {tel} {phone}, please enter the 5-digit verification code",
  "1640": "Verification code will be sent to {tel}",
  "1641": "Send",
  "1642": "Verification code has been sent to {tel}",
  "1643": "Set asset password",
  "1644": "Other details",
  "1645": "Agent deposit details",
  "1646": "Benefit redemption details",
  "1647": "Line {index}",
  "1648": "(current line)",
  "1650": "Screenshot",
  "1651": "Member Account",
  "1653": "Current Network",
  "1654": "System Type",
  "1655": "Current Time",
  "1656": "IP Address",
  "1657": "Device ID",
  "1658": "Device Name",
  "1659": "Device Model",
  "1660": "APP Version Name",
  "1661": "You need to reopen the APP after changing the language",
  "1662": "Accept any change in odds automatically",
  "1663": "Do not accept any change of odds",
  "1664": "Bet Setting",
  "1665": "Odds preference",
  "1666": "New version found",
  "1667": "New version size: {size}MB",
  "1668": "If you cannot download the update, please",
  "1669": "Click here to download from the official website",
  "1670": "Update now",
  "1671": "Next time reminder",
  "1672": "Start downloading",
  "1673": "Download completed",
  "1674": "Download error",
  "1675": "Are you sure you want to change the time zone?",
  "1676": "Search country and city",
  "1677": "change time zone",
  "1683": "Refund",
  "1684": "Exchange",
  "1685": "Task",
  "1686": "Recharge return",
  "1687": "Promo",
  "1689": "Escrow",
  "1690": "Please enter 2~10 digits for your nickname",
  "2000": "Only one card can be added for each currency, please unbind it first",
  "2002": "Please select the payment currency",
  "2003": "Binding the currency receiving address successfully",
  "2004": "Payment currency",
  "2006": "Coin receiving address",
  "2007": "Please enter the coin receiving address",
  "2008": "Please enter 8~64 letters and numbers",
  "2009": "Address alias",
  "2010": "Please enter the address alias",
  "2011": "Please enter 1~8 Chinese characters, letters and numbers",
  "2013": "Please confirm whether to delete this virtual currency address",
  "2014": "Delete successfully",
  "2016": "No data",
  "2017": "+Add virtual currency address",
  "2018": "Up to {count} virtual currency addresses can be added",
  "2019": "Please enter a 16-digit or 19-digit bank card number",
  "2020": "The card number you entered is not a valid bank card number. Please enter a valid bank card number",
  "2021": "Each bank can only add one card, please unlink it first",
  "2022": "Select your bank",
  "2023": "Please select the account opening area",
  "2025": "Card binding successful",
  "2026": "Please enter a valid bank card number",
  "2027": "Please make sure the name is the same as your bank account",
  "2028": "Cardholder",
  "2029": "Please enter your real name",
  "2030": "Please enter 2~4 digits of your Chinese name",
  "2031": "Official bank",
  "2032": "Please select your bank",
  "2033": "Account opening area",
  "2034": "No card bound yet",
  "2035": "Bank card",
  "2037": "+Add bank card",
  "2038": "Up to {count} bank cards can be added",
  "2039": "Each wallet can only add one card, please unbind it first",
  "2040": "Select wallet type",
  "2041": "Binding wallet address successful",
  "2042": "Payment wallet",
  "2043": "Wallet address",
  "2044": "Please enter wallet address",
  "2046": "wallet alias",
  "2047": "Please enter wallet alias",
  "2049": "Wallet not yet bound",
  "2050": "+Add e-wallet",
  "2051": "Up to {count} e-wallets can be added",
  "2052": "Debit Card",
  "2053": "Delete",
  "2054": "{bankCode} wallet",
  "2055": "Please confirm whether to delete this bank card",
  "2056": "Please confirm whether to delete this e-wallet address",
  "2058": "You have not bound your mobile phone number",
  "2059": "Bind",
  "2061": "Set as main wallet",
  "2062": "My Currency",
  "2065": "Pay",
  "2066": "Payment confirmation",
  "2067": "Please confirm that you have paid. Malicious clicks may result in the official freezing of your account",
  "2068": "Please select deposit pathway",
  "2069": "Please enter the deposit amount ({currency})",
  "2070": "Receive:",
  "2071": "Exchange Rate",
  "2072": "Please enter the amount (limit{min}~{max})",
  "2073": "Please select method of deposit",
  "2074": "Additional gift {rate}%",
  "2075": "{content} has been copied to the clipboard",
  "2076": "Please complete payment",
  "2077": "Please be here",
  "2078": "Payment completed within",
  "2079": "Waiting for review",
  "2080": "The system will notify you when the money arrives, please wait patiently",
  "2081": "Recharge successful",
  "2083": "Recharge failed",
  "2085": "Contact customer service",
  "2086": "Certificate uploaded",
  "2087": "Upload payment voucher",
  "2088": "I have paid successfully",
  "2089": "The USDT address has been copied to the clipboard",
  "2093": "Transaction type",
  "2094": "Deposit method",
  "2095": "Deposit",
  "2096": "Recharge time",
  "2099": "Payment amount",
  "2100": "Please use the bank APP to transfer funds to the following accounts",
  "2101": "Bank Name",
  "2102": "Payee",
  "2104": "Please fill in (transfer name) or (voucher number) to speed up the transfer!",
  "2106": "Submission successful, under review",
  "2107": "Please use the virtual currency wallet to transfer funds to the following address",
  "2108": "Address",
  "2109": "Please use Alipay to scan the following QR code to pay",
  "2110": "Alipay account",
  "2111": "An error occurred when generating the QR code, please try again later!",
  "2112": "Long press the QR code to save the album",
  "2113": "Timeout has been automatically canceled",
  "2114": "There is an error in the data, please try again later",
  "2115": "The channel is not open yet",
  "2116": "Upload payment voucher successfully",
  "2117": "Deposit channel is not available",
  "2118": "Please choose other deposit channels to improve the deposit success rate",
  "2119": "Buy GDB",
  "2120": "How to get more GDB coins, please click [Buy GDB] on the right, click [Buy] on the newly opened GDPay page, and you can get it after the transaction is successful",
  "2121": "Take photos",
  "2122": "Album",
  "2124": "Limited deposit",
  "2125": "Commission deposit",
  "2126": "Deposit details",
  "2127": "Deposit successful",
  "2128": "Please wait patiently for 5 minutes for the balance to be credited...",
  "2129": "The recharge is {fiat}",
  "2130": "The current central wallet currency is {fiat}, and the virtual currency recharge is {fiat}",
  "2131": "Quick Deposit",
  "2132": "Ordinary deposit",
  "2133": "Pending payment",
  "2134": "You have an order to be paid. Please pay the order and upload the payment voucher",
  "2135": "Cancel this deposit",
  "2139": "Withdrawal limit {money}",
  "2141": "Please enter the withdrawal amount",
  "2142": "Please select {name}",
  "2143": "Deposit bank",
  "2144": "Deposit address",
  "2145": "Deposit electronic wallet",
  "2146": "Please select a withdrawal method",
  "2147": "Please select the withdrawal type first",
  "2148": "Rules",
  "2149": "Avoid the peak withdrawal period and enjoy extra bonus",
  "2150": "Actual arrival time",
  "2151": "hour",
  "2152": "Additional gift",
  "2153": "Note: Reservation withdrawal rewards are ultimately issued based on the actual withdrawal time. If you have any questions, please contact online customer service or financial dedicated customer service",
  "2154": "Enter wallet",
  "2155": "GDPay address:",
  "2156": "Withdrawal channel is not available",
  "2157": "Please choose other withdrawal channels to improve the withdrawal success rate",
  "2158": "Please select the withdrawal currency first",
  "2159": "No withdrawal limit available",
  "2160": "You still need to meet the {need} turnover amount before you can withdraw {total}",
  "2161": "Hide details",
  "2162": "View details",
  "2163": "Collapse",
  "2164": "Expand",
  "2165": "{desc} withdrawal available {total} ",
  "2166": "Please pay attention to check {name} information, it will be credited automatically",
  "2167": "{desc} event to receive {amount} and withdrawal requires turnover multiple {multiple} times",
  "2168": "Total amount that can be withdrawn",
  "2169": "Withdrawal amount",
  "2170": "Total turnover required",
  "2171": "The turnover amount has been met",
  "2172": "Withdrawal method",
  "2173": "Withdrawal time",
  "2174": "Application has been submitted",
  "2175": "Withdrawing money",
  "2176": "Awarded successfully",
  "2178": "(tail number {bankCard})",
  "2179": "Please enter the withdrawal amount",
  "2180": "Insufficient balance",
  "2182": "Instant withdrawal (instant arrival)",
  "2183": "Appointment({minHours}~{maxHours} hours)",
  "2184": "Bonus {minRate}%~{maxRate}%",
  "2187": "Withdrawal details",
  "2188": "Add bank card",
  "2189": "Add virtual currency address",
  "2190": "Add e-wallet",
  "2191": "Failed to obtain exchange rate, please try again later",
  "2192": "GDPay",
  "2193": "EBPay",
  "2194": "OKPay",
  "2195": "TOPay",
  "2196": "Alipay",
  "2197": "Wechat Pay",
  "2198": "Bank",
  "2199": "Virtual",
  "2200": "Wallet",
  "2202": "GDPay Fast",
  "2203": "ECNY",
  "2204": "Created",
  "2205": "Under review",
  "2206": "Successful",
  "2207": "Failed",
  "2209": "Point",
  "2210": "Audit",
  "2501": "Options",
  "2502": "Description",
  "2503": "Please describe your problem in detail and fill in no less than {count} words.",
  "2504": "Only supports JPG , PNG image formats. each image is smaller than 5M. up to {count} images can be uploaded.",
  "2505": "Submit",
  "2506": "Records",
  "2507": "Status",
  "2508": "Call Center Replied",
  "2509": "Replied",
  "2510": "UnReply",
  "2511": "Accepted",
  "2512": "Message",
  "2513": "Announcement",
  "2514": "Message",
  "2515": "Events",
  "2516": "Edit",
  "2519": "Unread",
  "2520": "Read",
  "2522": "Are you sure you want to delete it?",
  "2523": "Message Detail",
  "2524": "VIP",
  "2525": "Currently deposit:",
  "2526": "Currently valid bets:",
  "2527": "VIP Detail>>",
  "2528": "Accumulated deposits",
  "2529": "Corresponding ({day} days)",
  "2530": "Maintenance deposit ({day} days)",
  "2531": "Corresponding bet requirement",
  "2532": "Grade",
  "2533": "Deposit requirements",
  "2535": "VIP Welfare",
  "2536": "Each time a member upgrades to a level, they will receive corresponding rewards.",
  "2537": "Benefits can be distributed to",
  "2540": "Back to top",
  "2542": "Rebates reward",
  "2543": "Rebates reward claimed",
  "2544": "Member total bet",
  "2545": "Rebates reward unclaimed",
  "2546": "Invite registration through promotion. After successful registration, you can earn profits by placing bets as a member. For example: a member's bet generates a valid bet of 800,000, and the venue's rebate is 0.2%. You can obtain a quota of 800,000*0.20%=1,600, and the generated quota will be transferred to your member account wallet.",
  "2547": "Deposit reward",
  "2548": "Deposit reward claimed",
  "2549": "Deposit reward unclaimed",
  "2550": "For members who register through promotion invitations, when the deposit reaches xxx yuan, both the promoter and the invitee can receive rewards.",
  "2551": "Upgrade reward",
  "2552": "Upgrade reward claimed",
  "2553": "Upgrade reward unclaimed",
  "2554": "You will receive reward once your referral has signed up and reached corresponding membership lever",
  "2555": "Reward settling",
  "2557": "Referral link",
  "2558": "Save to album",
  "2559": "Description",
  "2560": "Time: long-term activity",
  "2561": "Groups: {content}",
  "2562": "All members",
  "2563": "VIP {level} and above members",
  "2564": "Activity Details",
  "2565": "Referral detail",
  "2566": "Reward detail",
  "2567": "Please enter the name of the member you want to query",
  "2568": "Member name",
  "2569": "Venue",
  "2571": "Award",
  "2573": "Promoter Rewards",
  "2574": "Invite rewards",
  "2575": "Level before upgrade",
  "2576": "Level after upgrade",
  "2577": "First level member",
  "2578": "Second level member",
  "2579": "Promoter rebates",
  "2580": "Rebate for invitees",
  "2582": "Reward amount",
  "2583": "Image size cannot exceed 5M",
  "2584": "Image uploaded successfully",
  "2585": "Image upload failed",
  "2587": "Promotion link has been copied",
  "2588": "Call friends to share and earn commission",
  "2589": "Registration time:",
  "2590": "VIP details",
  "2591": "Exclusive ",
  "2592": "Locked",
  "2593": "Unlock",
  "2594": "Receive",
  "2595": "Received",
  "2596": "Paid",
  "2597": "Upgrade award",
  "2598": "Monthly bonus",
  "2599": "First half month bonus",
  "2600": "Last half month bonus",
  "2601": "Birthday award",
  "2602": "{th} every month",
  "2603": "End of every month",
  "2604": "Received successfully",
  "2605": "Failed to obtain sharing information",
  "2606": "Scan QR code",
  "2607": "Permanent",
  "2608": "{start} to {end}",
  "2609": "Activity period",
  "2610": "Start：{time}",
  "2611": "End：{time}",
  "2612": "Applied：{time}",
  "2613": "Passing：{time}",
  "2614": "Content：",
  "2615": "Applying {count} times",
  "2616": "Sign up to participate",
  "2618": "award：",
  "2619": "Go to",
  "2620": "Task entry matching failed",
  "2621": "Activity",
  "2623": "Received successfully",
  "2625": "Valid bets per day",
  "2626": "Membership rebate",
  "2627": "Rebate rules",
  "2628": "1. Each member and each IP will be regarded as an independent account. If repeated registration or multiple accounts with the same IP are found, they will be regarded as the same person. For all accounts under this IP, {appName} has the right to refuse repeated issuance of rebates.",
  "2629": "2. Regardless of any threats, abuse or violations by individuals or groups, {appName} will reserve the right to cancel or withdraw rebates.",
  "2630": "3. To avoid differences in textual understanding, [{appName}] retains the final right to interpret the rebate and has the right to change, delay or cancel it!",
  "2632": "Records",
  "2633": "Valid bet {availableAmount}",
  "2635": "Rebate {returnAmount}",
  "2636": "Claim all",
  "2637": "rebate:",
  "2638": "Valid bet: ",
  "2639": "",
  "2640": "Points: {amount}",
  "2641": "Total {totalNumber} Points {totalMoney}",
  "2642": "Unclaimed benefits are only kept for 90 days, please claim them in time",
  "2643": "Claim",
  "2644": "Points:",
  "2645": "Points",
  "2647": "{source} Points = 1 {target}",
  "2648": "Failed to obtain current currency exchange rate",
  "2649": "You can exchange to",
  "2650": "The required turnover amount for withdrawal after redemption is approximately",
  "2651": "The bonus withdrawal multiple is a comprehensive algorithm. When the user withdraws the welfare balance, the user's need to withdraw the welfare amount is calculated according to the formula (formula: total withdrawal amount * (withdrawal amount/total withdrawal amount)) Turnover amount",
  "2652": "Insufficient redemption points",
  "2653": "Redemption successful",
  "2654": "Exchange",
  "2655": "Records",
  "2656": "Confirm",
  "2658": "Records",
  "2659": "Open",
  "2660": "Leave",
  "2661": "Click to open",
  "2662": "Unfortunately",
  "2663": "Your red envelope has been collected",
  "2664": "After receiving it, not a penny was left.",
  "2665": "On the way here",
  "2666": "Only the lucky value is left",
  "2667": "Please check the collection record later.",
  "2668": "The money will automatically arrive in your corresponding wallet after collection or the end of the countdown.",
  "2669": "Lucky points can participate in lucky draw activities",
  "2670": "accept",
  "2672": "There is still: {time} until the Red Packet Rain venue closes",
  "2673": "Red envelope rain collection record",
  "2675": "You have not bound your bank card yet",
  "2677": "The event is over",
  "2680": "Indicator rules:",
  "2681": "mode:",
  "2682": "Limited date range for receiving packages:",
  "2683": "Accumulated deposits:",
  "2684": "Accumulated valid bets:",
  "2685": "single deposit:",
  "2686": "Single valid bet:",
  "2687": "1. All offers are settled in {fiat} and Beijing time is used as the timing interval.\n2. Each player, each household, each address, each email address, each phone number, the same payment method (same debit card/credit card/bank account) and IP address can only enjoy one discount; if the member has If you apply for an account repeatedly, the company reserves the right to cancel or withdraw the membership bonus.\n3. All offers of {appName} are specially designed for players. If any group or individual is found to be dishonestly collecting bonuses or making any threats or abusing the company's discounts, the company reserves the right to freeze or cancel the group or individual's account and account balance. s right.\n4. If a member has a dispute about the event, in order to ensure the interests of both parties and prevent identity theft, {appName} has the right to require members to provide us with sufficient and valid documents to confirm whether they are eligible for the discount.\n5. When participating members fail to fully comply with, or violate, or abuse any terms related to the company's offers or promotions, or we have any evidence that any team or individual has placed a series of related bets, thereby causing a loss regardless of the outcome of the game. To ensure that you can profit from the deposit bonus or other promotion offers, {appName} reserves the right to stop, cancel the offer or claim back all paid bonuses from this team or individual. In addition, the company also reserves the right to deduct administrative fees equivalent to the value of the preferential bonus from these customers to compensate for our administrative costs.\n6. {appName} reserves the right of final interpretation of the event; and the right to modify or terminate the event without notice; applicable to all preferential members.",
  "2688": "Rebate details",
  "2689": "JoinApply",
  "2690": "PrizeApply",
  "2691": "Paid",
  "2692": "Discount",
  "2693": "Bonus",
  "2694": "Red Packet",
  "2695": "Task",
  "3000": "Customer service number",
  "3001": "Contact agency",
  "3002": "六大特色",
  "3003": "告诉您选择我们的优势",
  "3004": "个人化账户管理",
  "3005": "实时监控玩家动向 掌握最新网站资讯 个人化服务 有需必应",
  "3006": "您坚实的后盾",
  "3007": "坐享营销资源 享受巨大的品牌效应 别具一格的营销手段",
  "3008": "沟通零障碍",
  "3009": "客户经理说您的语言懂您的文化",
  "3010": "终身制佣金",
  "3011": "高达55% 业界最高 玩家成为您的固定资产 终身获利于玩家的投注",
  "3012": "按时支付佣金",
  "3013": "享有绝佳口碑 逢月初必酬 从不拖款 多种支付方式任您选",
  "3014": "让玩家欲罢不能",
  "3015": "好玩的游戏 优惠惊喜连环来袭 全天候客服",
  "3016": "第一步",
  "3017": "申请加盟合营计划",
  "3018": "第二步",
  "3019": "领取加盟宣传链接",
  "3020": "第三步",
  "3021": "在互联网上宣传{appName}",
  "3022": "Complete these 3 steps, and you’ll receive sky-high commission, easy peasy!",
  "3023": "{appName}在业界享誉10余载拥有绝佳口碑。无论玩家使用手机、智能电脑、笔记本电脑还是普通台机，都能享受绝佳的游戏体验。这是你盈利的可靠保障。",
  "3024": "您已经是代理了",
  "3025": "已申请，审核中",
  "3026": "加入合营计划>>",
  "3027": "体育赛事",
  "3028": "真人荷官",
  "3030": "棋牌游戏",
  "3031": "老虎机",
  "3032": "捕鱼游戏",
  "3033": "最给力的手机博彩游戏",
  "3034": "所有设备一次满足",
  "3035": "{appName}汇集了全球的博彩业界菁英，自2007年起、{appName}凭借安全与专业的服务，建立了极佳的声誉。创造顶级的游戏体验是我们矢志不渝的追求，无论玩家使用手机、智能电脑、笔记本电脑还是普通台机，都能享受绝佳的游戏体验。",
  "3036": "邮箱",
  "3039": "请输入{value}账号",
  "3041": "手机号",
  "3048": "您已完成代理申请，请耐心等待审核",
  "3051": "{second}秒",
  "3054": "佣金比例",
  "3055": "取款记录",
  "3056": "充值记录",
  "3057": "This month’s win/loss statement",
  "3058": "Team members",
  "3059": "Direct member",
  "3060": "Number of first deposit",
  "3061": "New team member added",
  "3062": "Add a direct member",
  "3063": "Effective new member added",
  "3064": "Number of betting",
  "3065": "Number of deposit",
  "3066": "Number of withdrawal",
  "3067": "User overview",
  "3069": "Month",
  "3070": "Commission",
  "3071": "代理账号{username}",
  "3072": "代理分组:",
  "3073": "代理备注:",
  "3074": "是否欠款:有",
  "3075": "是否欠款:无",
  "3076": "存款:{depositTotal}",
  "3077": "提款:{withdrawTotal}",
  "3078": "团队会员人数:{playerTotal}",
  "3079": "直属会员人数:{directPlayerTotal}",
  "3080": "团队代理人数:{agentTotal}",
  "3081": "直属代理人数:{directAgentTotal}",
  "3082": "Commission percentage",
  "3083": "未配置",
  "3084": "Time of sign-up",
  "3086": "请输入代理账号",
  "3087": "Agent detail",
  "3088": "Agent transaction",
  "3089": "Manage group",
  "3090": "Agent note",
  "3091": "Operate",
  "3093": "提款",
  "3094": "Member notes",
  "3095": "会员账号{username}",
  "3097": "请填入备注的原因...",
  "3100": "请填入备注的原因",
  "3101": "分组编辑",
  "3102": "Send contract? (You will no longer be able to edit the contract once you send it)",
  "3103": "已存在未确认契约，暂无法重定！",
  "3104": "Send successfully",
  "3105": "Percentage range",
  "3106": "current downline with contract",
  "3107": "Send contract",
  "3108": "Total win/ loss statement",
  "3109": "Enter amount",
  "3110": "账号不存在",
  "3111": "Unsigned",
  "3112": "处理中",
  "3113": "Signed",
  "3114": "Reject",
  "3115": "Contract status",
  "3116": "Effective status",
  "3117": "Valid",
  "3118": "Invalid",
  "3119": "Validation pending",
  "3120": "Check downline account",
  "3121": "重定契约",
  "3122": "重定",
  "3123": "制定时间",
  "3124": "Time of signing a contract",
  "3125": "None",
  "3126": "Show more",
  "3127": "规则{index}",
  "3129": "按契约状态",
  "3130": "制定时间近至远",
  "3131": "制定时间远至近",
  "3132": "最大比例大至小",
  "3133": "最小比例小至大",
  "3134": "Add contract",
  "3135": "Add",
  "3136": "添加成功",
  "3137": "编辑成功",
  "3139": "Add group",
  "3140": "{agentName}分组:",
  "3141": "请输入10个字符以内的标签名称",
  "3142": "你确定删除此分组？",
  "3145": "Serial number",
  "3146": "{typename}分组",
  "3147": "{typename}数量",
  "3148": "Member allocation",
  "3149": "Agent allocation",
  "3150": "Upline payment",
  "3151": "Pay downline",
  "3153": "Payment proxy",
  "3155": "Reception proxy",
  "3156": "Operate time",
  "3157": "Unsettled commission",
  "3158": "佣金余额",
  "3159": "Deposit",
  "3160": "去结算({person}人)",
  "3161": "支付成功",
  "3162": "直属有效会员人数:",
  "3163": "Total win/ loss statement ",
  "3164": "Net win/ loss statement",
  "3165": "Operating cost",
  "3166": "Edit account",
  "3167": "last month unsettled win/ loss combined",
  "3168": "Last month settle ",
  "3169": "VIP exclusive",
  "3170": "Settle cycle",
  "3171": "团队佣金",
  "3172": "Commission management",
  "3173": "Bill",
  "3176": "请输入金额(限额0~{balance})",
  "3177": "转账成功",
  "3178": "密码",
  "3179": "密码错误",
  "3180": "转账失败",
  "3181": "转账金额",
  "3182": "￥金额",
  "3183": "最多可输入金额(¥{balance}元)",
  "3184": "转入钱包",
  "3185": "中心钱包",
  "3186": "Commission wallet",
  "3187": "Agent cash wallet",
  "3188": "代理通过转账的方式为代理线上会员代存，可以参与存款类活动的计算；同时会员提款需要完成足够的流水",
  "3189": "转到代理对应的{title}，可以进行提款，也可以给代理线上的其他会员或者代理转账。",
  "3191": "立即转账",
  "3192": "Receive",
  "3193": "Transfer",
  "3194": "会员",
  "3196": "Copy successfully",
  "3197": "Transfer account number",
  "3198": "Transfer wallet",
  "3199": "转出类型",
  "3200": "业界最佳佣金制度",
  "3201": "给你绝对的诚意",
  "3202": "佣金计划",
  "3203": "直属有效会员人数条件：≥5",
  "3204": "什么是有效玩家？",
  "3205": "有效玩家就是成功注册一个玩家账户，在本月内存款达到500有效投注3000以上算1位有效玩家。每月代理联盟业绩于结算后归零重新开始。以上计算方式仅供参考，具体参照详细规定。",
  "3206": "佣金支付",
  "3207": "联盟佣金计算，结算区问为本月第1天到本月的最后1天将会员盈利，以联盟方案分红公式计算，扣除联盟体系会员相应的优惠、行政费用后，佣金由承办客服于每个月的2-3号开始与代理确认金额后，5号将佣金直接汇入代理联盟登记之银行账号。每月代理联盟业绩于结算后归零重新开始。以上计算方式仅供参考，具体参照详细规定。",
  "3209": "Basic information",
  "3210": "如果我没有自己的网站可以加盟吗",
  "3211": "拥有个人网站无疑是推广我们品牌的最佳方式。即使没有，我们也同样会为您提供推广链接和宣传广告，以便您进行推广。如果您有其它的推广方式想跟我们分享，欢迎联系我们合营团队进行交流探讨。",
  "3212": "您的推广的成绩和收入完全成正比。您的推广业绩越高，客户质量越高，您的佣金分成也就越高；目前佣金政策分为5个阶梯式，最低的佣金比例是20%，最高为55%，具体佣金制度详情，请点击'佣金制度'了解！若您对佣金比例有特殊要求，请联络我们的代理专员。",
  "3213": "How to refer?",
  "3214": "我应该把文字链接及图片放在我网站上的什么位置？",
  "3215": "您可以把宣传条幅和文字链接放置在您的网站主页或其它高访问量页面的显要位置，从而为您带来更多的访客与玩家。您也可以联系我们的合营客户专员共同研究最佳推广方案。",
  "3216": "Reward and payment",
  "3217": "我是如何赚取佣金的？",
  "3219": "有效玩家就是成功注册一个玩家账户，存款和有效投注限定值以上算1位有效玩家。",
  "3220": "我的合营佣金是如何计算的？",
  "3221": "代理佣金需要根据佣金政策进行结算。佣金结算必须满足2项首要条件：有效玩家人数以及净盈利值。您的有效人数关系到是否参与团队总盈利计算，而团队总盈利值关系到您可以得到的佣金比例。更多详情参见合营佣金方案",
  "3222": "Other question",
  "3223": "我不确定我的链接是否正常有效，我怎么知道我介绍的用户是否有在我的线下？",
  "3224": "忘记密码怎么办？",
  "3225": "进入代理登录系统不需要输入密码，只需要登录会员账号拥有代理权限，点击代理中心，即可进入。支付密码可联系客服重置密码，然后重新设置",
  "3226": "如何更改我的账户信息？",
  "3227": "为了保障您的账户安全，请联系我们代理QQ客服并提供相关的账号信息材料进行审核验证修改。",
  "3228": "如何更改我的结算银行信息？",
  "3229": "登录代理后台，点击’佣金取款“一进行添加和修改银行信息",
  "3230": "是否可以提供给我更多关于我所介绍的玩家信息？",
  "3231": "我们欢迎世界各地的合营伙伴。如果您有意加入我们，您可以直接登录我们的网站联系我们的合营团队咨询更多相关事宜。",
  "3234": "Cooperation procedure",
  "3235": "gaming product",
  "3236": "Our service advantage",
  "3237": "佣金方案",
  "3238": "Affiliation problem",
  "3239": "Contact us",
  "3242": "User",
  "3243": "Report",
  "3246": "自存金额",
  "3248": "请输入自存金额",
  "3249": "Number of member added this month",
  "3250": "Number of effective member added this month",
  "3251": "Number of first deposit this month",
  "3253": "Add downline",
  "3254": "确认新增",
  "3260": "请求提现配置失败",
  "3262": "到账银行卡",
  "3266": "Recharge records ",
  "3267": "Recharge amount",
  "3268": "Commission withdrawal",
  "3277": "My contract",
  "3279": "Non-upline member",
  "3280": "Payment password",
  "3281": "News",
  "3282": "Commission exposition",
  "3284": "您还未签约，无法进行溢出申请",
  "3285": "网络繁忙，请稍后再试",
  "3286": "请输入6位旧密码",
  "3293": "查询会员账号",
  "3294": "Apply now",
  "3295": "全部状态",
  "3296": "会员不存在",
  "3297": "会员不满足申请条件",
  "3299": "Application time",
  "3301": "温馨提示：只能找回通过自身代理链接注册的会员账号。若会员账号注册时间超过3天、已有上级、历史申请绑定被拒绝，都无法进行申请。",
  "3303": "接受",
  "3305": "生效时间",
  "3306": "状态",
  "3307": "Commission contract",
  "3308": "是否拒绝契约？",
  "3309": "拒绝契约",
  "3310": "是否接受契约？",
  "3311": "接受契约",
  "3312": "契约详情",
  "3314": "Rules",
  "3315": "代理佣金说明",
  "3316": "Commission simulator",
  "3318": "代理的佣金比例由本月团队总输赢决定。",
  "3319": "（团队总输赢计算统一按照CNY进行计算，若会员使用其他币种投注，按照相应的汇率换算后统一计算）",
  "3320": "As long as an agent’s number of direct member has reached the setting goal, a downline’s win/ loss can be calculated as team win/ loss statement",
  "3321": "有效会员：当月存款≥100且有效投注≥500",
  "3322": "注：以上数据均为模拟器举例",
  "3323": "佣金计算方式",
  "3324": "个人佣金 = 团队佣金 - 下级团队佣金",
  "3325": "下级团队佣金 = 直属下级代理的团队佣金总和",
  "3326": "团队佣金 = 冲正后净输赢 * 佣金比例 + VIP专享佣金",
  "3327": "冲正后净输赢 = 当月净输赢 + 上月结余；",
  "3328": "当月净输赢 = -当月总输赢 - 运营成本 - 账户调整  + 补单输赢；",
  "3329": "当月总输赢 = 代理团队会员当月游戏总输赢",
  "3330": "上月结余 = 上月代理亏损的结余",
  "3331": "运营成本：在代理佣金计算时公司用于帮助代理推广使用到的成本需要按照比例扣除；",
  "3332": "总优惠 = 代理下线会员当月领取的平台发放优惠的总和",
  "3333": "总返水 = 代理下线会员当月领取平台返水的总和；",
  "3334": "场馆费 = 各游戏场馆总输赢 * 平台费率，但只有当月产生盈利，平台才会收取场馆费；",
  "3335": "账户调整 = 当会员流水异常时，站点管理员对会员进行账户调整；",
  "3336": "补单输赢 = 上月实时数据净输赢 - 上月发放佣金净输赢",
  "3337": "存款手续费 = 下级会员存款金额 * 存款费率 + 代理额度充值金额 * 存款费率；",
  "3338": "提款手续费 = 下级会员的取款金额 * 取款费率；",
  "3339": "注：请谨记任何使用无诚信的方法以骗取佣金将会被永久冻结账号，并终止合作关系，所有佣金一概不予发放。",
  "3343": "选择操作类型",
  "3345": "Number of agent",
  "3347": "直属代理",
  "3348": "Member management",
  "3349": "Agent management",
  "3350": "Group management",
  "3351": "Contract management",
  "3354": "Please enter membership ID",
  "3355": "Member detail",
  "3356": "会员转账",
  "3361": "取款",
  "3362": "Last log in ",
  "3364": "Offline days",
  "3370": "时间统计",
  "3372": "Venue name",
  "3375": "Win/ loss",
  "3378": "Total bet",
  "3381": "VIP level exposition",
  "3382": "代理级别",
  "3383": "number of effective member",
  "3384": "新增有效会员人数",
  "3385": "Level of benefits",
  "3386": "注：默认按高等级VIP发放加赠佣金，只可享受一个等级奖励；",
  "3388": "请输入人数",
  "3389": "本月总输赢",
  "3391": "Team Commission this month",
  "3392": "Calculate",
  "3393": "Note: The simulator doesn’t calculate operation cost and last month’s settle, etc. The result is just for your reference, not final.",
  "3394": "申请会员账号",
  "3395": "Referral device",
  "3396": "申请理由(选填)",
  "3397": "请输入理由50字以内",
  "3398": "Submit",
  "3399": "申请成功",
  "3400": "您未签约，无法进行溢出申请",
  "3405": "团队会员游戏实时记录",
  "3406": "盈亏报表",
  "3407": "会员游戏输赢总数据统计",
  "3408": "人数报表",
  "3409": "团队全面的人数统计",
  "3410": "财务报表",
  "3411": "团队财务统计报表",
  "3412": "佣金报表",
  "3413": "代理每月佣金统计和明细",
  "3414": "资金明细",
  "3415": "代理资金交易记录明细",
  "3416": "Time of statistics",
  "3417": "总计",
  "3421": "Statistic type",
  "3422": "人数",
  "3424": "直属新增会员",
  "3425": "新增有效会员",
  "3429": "返水人数",
  "3430": "红利人数",
  "3431": "活动人数",
  "3432": "返现人数",
  "3433": "VIP奖励人数",
  "3434": "任务人数",
  "3435": "推广人数",
  "3436": "团队新增代理",
  "3437": "直属新增代理",
  "3439": "Game name",
  "3443": "游戏场馆",
  "3447": "余额",
  "3448": "账变时间",
  "3449": "订单详情",
  "3450": "账变钱包",
  "3452": "账变后余额",
  "3455": "Details",
  "3457": "转账",
  "3458": "Self-deposit",
  "3459": "账户调整",
  "3462": "域名",
  "3463": "Main APP referral domain name",
  "3464": "主站H5推广域名",
  "3465": "主站PC推广域名",
  "3466": "防封二维码（QQ)",
  "3467": "防封二维码（微信）",
  "3468": "长链接二维码",
  "3469": "防封链接（QQ)",
  "3470": "防封链接（微信）",
  "3471": "长链接",
  "3472": "已帮您成功复制",
  "3474": "修改支付密码",
  "3475": "发放时间",
  "3476": "直属有效会员",
  "3478": "场馆费",
  "3479": "存提手续费",
  "3480": "由于下线会员上月注单存在获取延迟，该部分注单产生的输赢将记录在「补单输赢」中，并将加入本月的净输赢中。",
  "3484": "冲正后净输赢",
  "3485": "统计佣金调整的总和",
  "3486": "佣金调整",
  "3487": "VIP专享是额外佣金；是满足当月条件的佣金 * 比例所得",
  "3488": "团队总佣金",
  "3489": "下级代理总佣金",
  "3490": "个人佣金",
  "3491": "佣金发放状态",
  "3574": "{appName}会根据每月体育博彩、真人荷官、老虎机以及彩票的净收入按百分比计算佣金，净收益的定义为:公司在体育博彩、真人荷官、老虎机以及彩票中所得的毛利减去顾客的交易费用、错误款项追讨、税收、平台费、红利及其它奖赏等。参照费用及佣金是根据{appName}的统计方法及收集资料途径计算。",
  "3575": "{appName}在业界享誉10余载，拥有绝佳口碑。无论玩家使用手机、智能电脑、笔记本电脑还是普通台机，都能享受绝佳的游戏体验。这是你赢利的可靠保障。精心设计的佣金制度让你赚钱更容易。每月享有高达55%佣金",
  "3576": "佣金对照表（以下数据均为参考值，具体数据以系统后台设置为准",
  "3577": "什么是{appName}合营计划",
  "3578": "{appName}是一个合作盈利项目，玩家只要通过您任何一条的宣传条幅或推广链接成功注册成为{appName}玩家，并进行存款和有效的游戏投注，您就可以从玩家的投注纯盈利中获得收益，一旦您注册成为我们的合营伙伴，您就可以从您的客户玩家投注中赚取合营酬金。",
  "3579": "加盟{appName}合营计划的优势",
  "3580": "{appName}在博彩业内拥有超过10年的经验，是声望极高的国际品牌。我们的理念是游戏公平公正，支付实时实数。加盟{appName}是完全免费的，您只需拥有一个或多个推广网站，通过简单快捷的网上注册，即可马上领取广告条及文宇链接等推广工具。{appName}不设盈利佣金上限，玩家下注越多，您的赢利就越多，时刻从您介绍的客户玩家里赚取丰厚的佣金。自由安排工作时间，从现在起，您可以轻轻松松在家做老板。",
  "3581": "{appName}给业绩好的合营商有什么渠道奖励措施",
  "3582": "推广{appName}用什么样的宣传链接？",
  "3583": "当您成功注册代理账号后，只需要登录{appName}代理后台，点击推广网址查看您的专属推广链接即可。",
  "3584": "我可以在我的网站使用{appName}标志及相关内容吗？",
  "3585": "一旦您加入我们的合营计划后，您将只被准许使用我们提供的宣传链接，在未得到{appName}允许的情况下，您不得对相关内容进行任何修改。'",
  "3586": "如果玩家通过您的推广链接进行注册账号，{appName}系统会自动记录此客户的来源渠道，同时您的代理后台也会显示此玩家的信息。通过以上方式，我们可以直接查询到客户从何而来。",
  "3587": "{appName}怎么知道玩家是从我的网站介绍的？",
  "3588": "当您将我们的推广链接放在您的网站后，浏览者通过点击您网站上的{appName}宣传条幅与文字链接，或者通过电子报等方式进入游戏网站，注册，存款并进行投注成为活跃客户玩家，您就可以从您介绍的玩家所生成的净盈利中赚取客户酬金。您的收益将来自于您所介绍的玩家，您介绍的玩家越多，您的客户酬金越高。",
  "3589": "您可以登录{appName}代理后台系统点击推广网址查看您的专属链接是否有正常显示以及下级会员管理查看您线下玩家注册情况。如有疑问可以联系我们代理QQ客服咨询。",
  "3590": "为了保障玩家的账户安全，{appName}将不会提供客户玩家的个人信息。无论代理和玩家，我们都会保证其个人资料的安全性以及私隐权。",
  "3591": "{appName}是否接受来自于全球的合营伙伴？",
  "3592": "请输入金额(限额{minAmount}~{maxAmount})",
  "3593": "请输入{name}信息",
  "3594": "最低{minRate}%～最高{maxRate}%",
  "3595": "加入{appName}第{registeredDays}天",
  "3596": "佣金加赠{addedRebateRate}%，最高{rebateAmountMax}元",
  "3597": "代理信息获取失败，请退出重试",
  "3600": "转入账号",
  "3601": "请输入6-15位账号",
  "3602": "请输入转账金额",
  "3603": "转账类型",
  "3604": "Transfer to member",
  "3605": "Transfer to agent",
  "3606": "温馨提示：自存至中心钱包后，需要完成相应流水后才可提款",
  "3607": "Confirm",
  "3608": "账号",
  "3610": "Transfer to myself"
}