[
  {
    "riddle": "做砖的坯子、插刀的鞘子",
    "answer": "框框套套"
  },
  {
    "riddle": "做贼碰上劫路人",
    "answer": "坏到一块了；冤家路窄"
  },
  {
    "riddle": "做贼的说梦话",
    "answer": "想偷"
  },
  {
    "riddle": "做贼的不用化装",
    "answer": "贼眉贼眼"
  },
  {
    "riddle": "做贼盗黄连",
    "answer": "自讨苦吃"
  },
  {
    "riddle": "做小本生意",
    "answer": "斤斤计较"
  },
  {
    "riddle": "做媳妇的没婆婆",
    "answer": "好当家"
  },
  {
    "riddle": "做生意讲信誉",
    "answer": "理所当然"
  },
  {
    "riddle": "做烧饼卖汤圆",
    "answer": "多面手"
  },
  {
    "riddle": "做烧饼的卖汤圆",
    "answer": "多面手"
  },
  {
    "riddle": "做旗袍用土布",
    "answer": "不是那块料"
  },
  {
    "riddle": "做年（旧指干以年计酬的长工活）遇见闰月",
    "answer": "倒霉透了；背时"
  },
  {
    "riddle": "做梦坐飞机",
    "answer": "想人非非（飞飞）"
  },
  {
    "riddle": "做梦抓大印",
    "answer": "官迷心窍"
  },
  {
    "riddle": "做梦游西湖",
    "answer": "好景不长"
  },
  {
    "riddle": "做梦游华山",
    "answer": "好景不长"
  },
  {
    "riddle": "做梦学吹打",
    "answer": "快活一时"
  },
  {
    "riddle": "做梦推磨子",
    "answer": "想转了"
  },
  {
    "riddle": "做梦拾元宝",
    "answer": "空欢喜；欢喜不尽；一场空欢喜；想得美"
  },
  {
    "riddle": "做梦娶媳妇",
    "answer": "尽想好事；想得倒美；想偏了心；光想美事"
  },
  {
    "riddle": "做梦娶西施",
    "answer": "想得出奇"
  },
  {
    "riddle": "做梦见阎王",
    "answer": "鬼迷心窍；死去活来"
  },
  {
    "riddle": "做梦捡金条",
    "answer": "财迷心窍"
  },
  {
    "riddle": "做梦割破胆",
    "answer": "想得苦"
  },
  {
    "riddle": "做梦掉下井",
    "answer": "一场虚惊"
  },
  {
    "riddle": "做梦当总统",
    "answer": "好事难成"
  },
  {
    "riddle": "做梦当司令",
    "answer": "神气一时"
  },
  {
    "riddle": "做梦当皇帝",
    "answer": "官迷心窍；好景不长"
  },
  {
    "riddle": "做梦当长工",
    "answer": "想得苦"
  },
  {
    "riddle": "阿拉伯数字8字分家",
    "answer": "零比零（O：O）"
  },
  {
    "riddle": "阿公吃黄连",
    "answer": "苦也（爷）"
  },
  {
    "riddle": "阿二（民间传说中的呆头呆脑、自作聪明的人）炒年糕",
    "answer": "费力不讨好；费劲不落好"
  },
  {
    "riddle": "阿斗的江山",
    "answer": "白送"
  },
  {
    "riddle": "阿斗当皇帝",
    "answer": "软弱无能"
  }
]