{
  "0000": "Sucesso",
  "0001": "失败",
  "0002": "Lembrete",
  "0003": "Cancelar",
  "0004": "确定",
  "0005": "我知道了",
  "0006": "已复制",
  "0007": "Sem",
  "0008": "获取国家ISO编码配置文件失败",
  "0009": "获取配置文件失败，请重新打开app",
  "0010": "获取配置接口config失败",
  "0011": "安全验证失败，请重试",
  "0012": "加载中...",
  "0013": "加载中",
  "0014": "token失效！",
  "0015": "网络卡顿，请稍后重试！",
  "0016": "页面失联，请稍后点击刷新",
  "0017": "更多内容",
  "0018": "向下拉刷新",
  "0019": "加载完成",
  "0020": "加载失败",
  "0021": "松手开始加载",
  "0022": "松手加载更多",
  "0023": "Sem dados",
  "0024": "网络卡顿~",
  "0025": "点击刷新",
  "0026": "敬请期待!",
  "0027": "页面改版中",
  "0028": "新设备登录",
  "0029": "会话已过期",
  "0030": "请重新登录",
  "0031": "未登录",
  "0032": "精彩内容等你来体验，快去登录吧！",
  "0033": "您的账号在另一个设备登录，请重新登录!",
  "0034": "应用需要更新即将重新启动",
  "0035": "立即重启({count}s)",
  "0036": "访问受限制",
  "0037": "亲,您所在地区禁止访问我们的服务，如有任何疑问，请联系我们的在线客服",
  "0038": "您的IP：{ip}",
  "0039": "全面维护",
  "0040": "平台维护中",
  "0041": "维护时间至{time}",
  "0042": "返回",
  "0043": "线路异常，请稍后再试",
  "0044": "重新启动",
  "0045": "连线超时",
  "0046": "亲，可能是网络不稳定，您的页面暂时收不到信号。请您尝试重新连接",
  "0047": "请关闭app重新打开",
  "0048": "今日不再显示",
  "0049": "客服已经修改登录密码",
  "0050": "去重置登录密码？",
  "0100": "略过",
  "0101": "立即体验",
  "0103": "福利中心惊喜不断",
  "0104": "VIP多种等级 月月有福利 日日有惊喜",
  "0105": "普及福利 每月红包 生日福利 专属豪礼",
  "0107": "实时赛事直播&聊天",
  "0108": "即将数据与分析 助你轻松投注",
  "0109": "足球 篮球 网球 棒球",
  "0111": "滚球秒确认&高效结算",
  "0112": "玩转体育 滚球秒确认 高效结算",
  "0113": "滚球 今日 早盘 串场 冠军",
  "0115": "百万出款秒到账",
  "0116": "资金安全可靠 存取方便快捷",
  "0117": "支付宝 微信 银联 USDT",
  "0118": "赛事",
  "0119": "Jogos",
  "0120": "Role a bola",
  "0121": "Registro",
  "0122": "Conta",
  "0123": "Desconto",
  "0124": "主播",
  "0125": "广场",
  "0126": "综合",
  "0127": "Agente",
  "0128": "开发中",
  "0129": "Página de rosto",
  "0130": "Login",
  "0131": "Cadastre-se",
  "0132": "请输入账号",
  "0133": "须使用6~15位数字和字母组成，不能使用特殊符号",
  "0134": "请输入密码",
  "0135": "请输入6~15个字符",
  "0136": "英文和数字的组合，不包含特殊符号",
  "0137": "至少三个不同字符",
  "0138": "请妥善保管你的密码，以避免外流产生风险。",
  "0139": "请再次输入密码",
  "0140": "两次密码输入不一致",
  "0141": "请输入8位数字邀请码",
  "0142": "请输入8位数字邀请码(选填)",
  "0143": "请输入邀请码",
  "0144": "请选择币种",
  "0145": "请选择语系",
  "0146": "我已满18岁并且已阅读及同意",
  "0147": "用户协议",
  "0148": "创建用户",
  "0149": "注册成功",
  "0150": "账号密码登录",
  "0151": "忘记密码",
  "0152": "记住密码",
  "0153": "先去逛逛?",
  "0154": "手机快捷登录",
  "0155": "记住手机号",
  "0156": "验证码",
  "0157": "Obter código de verificação",
  "0158": "发送验证码成功",
  "0159": "Reenviar",
  "0160": "{second}s",
  "0161": "Insira o código de verificação",
  "0162": "请输入正确的5位验证码",
  "0163": "使用手机号方式登录",
  "0164": "使用账号方式登录",
  "0165": "重置密码",
  "0166": "请输入新密码",
  "0167": "请输入手机号",
  "0168": "下一步",
  "0169": "确认提交",
  "0170": "请输入正确的验证码",
  "0171": "密码重置成功",
  "0172": "请输入正确的手机号",
  "0173": "客服",
  "0174": "自选日期",
  "0175": "开始日期",
  "0176": "结束日期",
  "0177": "当前系统支持查询最近{max}日的记录",
  "0178": "当前系统支持查询最大跨度为{max}日的记录",
  "0179": "至",
  "0180": "今天",
  "0181": "昨天",
  "0182": "前天",
  "0183": "近3天",
  "0184": "近7天",
  "0185": "近30天",
  "0186": "本月",
  "0187": "上月",
  "0188": "近2月",
  "0189": "近3月",
  "0190": "近6月",
  "0191": "近1年",
  "0500": "确认要退出游戏吗？",
  "0501": "暂不可使用",
  "0502": "Reembolso",
  "0503": "立即去玩",
  "0504": "历史搜索",
  "0505": "请输入游戏名称",
  "0506": "Popular",
  "0507": "Recente",
  "0508": "Coletar",
  "0509": "Manutenção do jogo",
  "0510": "暂不支持其他币种",
  "0511": "请切换主钱包为{fiat}",
  "0512": "注单号",
  "0513": "局号",
  "0514": "Apostas",
  "0515": "有效投注",
  "0516": "订单号已经复制到剪切板",
  "0517": "投注额：{betAmount}",
  "0518": "{count}笔",
  "0519": "总计(笔) {count}",
  "0520": "投注额 {betAmount}",
  "0521": "输赢 {win}",
  "0522": "我的收藏",
  "0523": "Tudo",
  "0525": "Sport",
  "0526": "Pessoa",
  "0527": "Jogos de tabuleiro",
  "0528": "eSports",
  "0529": "Caça-níqueis",
  "0530": "Pesca",
  "0531": "Loteria",
  "0532": "YH",
  "0533": "AsiaGaming",
  "0534": "AsiaGaming",
  "0535": "BG",
  "0536": "BBIN",
  "0537": "EVO",
  "0538": "KY",
  "0539": "JDB",
  "0540": "CQ9",
  "0541": "JDB",
  "0542": "DG",
  "0543": "WE",
  "0544": "SABA",
  "0545": "MicroGaming",
  "0546": "FunGaming",
  "0547": "FunGaming",
  "0548": "FunGaming",
  "0549": "NW",
  "0550": "Pocket Games",
  "0551": "MT",
  "0552": "MT",
  "0553": "MT",
  "0554": "LEGaming",
  "0555": "LEGaming",
  "0556": "LEGaming",
  "0557": "CR",
  "0558": "BBIN",
  "0559": "BBIN",
  "0560": "DB",
  "0561": "BBIN",
  "0562": "HZ",
  "0563": "FB",
  "0564": "BG",
  "0565": "SABA Sports",
  "0566": "TY",
  "0567": "TY",
  "0568": "TY",
  "0569": "YGR",
  "0570": "YH Sports",
  "0571": "BS",
  "0572": "BS",
  "0573": "BS",
  "0574": "YGR",
  "0575": "SY",
  "0576": "VG",
  "0577": "VG",
  "0578": "VG",
  "0579": "TG",
  "0580": "TG",
  "0581": "TG",
  "0582": "IG",
  "0583": "SY",
  "0584": "AsiaGaming",
  "1000": "盘口数量不足，无法串关(最少需要{count}种组合)",
  "1001": "有投注金额超出限额的部分",
  "1002": "提交成功",
  "1003": "您有不支持串关的投注选项",
  "1004": "投注额",
  "1005": "可赢",
  "1006": "共{count}注",
  "1007": "继续投注本单",
  "1009": "重新投注本单",
  "1010": "加入串关",
  "1011": "不支持串关",
  "1012": "总投注金额",
  "1013": "可赢金额",
  "1014": "本场赛事不支持串关",
  "1015": "盘口关闭",
  "1016": "赛事状态发生变化，锁盘中",
  "1017": "赔率已更改",
  "1018": "限额",
  "1019": "注",
  "1020": "本金",
  "1021": "单注投注",
  "1022": "串关投注",
  "1023": "投注成功",
  "1024": "投注失败",
  "1025": "已添加至串关",
  "1026": "投注项赔率、盘口或者有消息已更改",
  "1027": "钱包余额不足，请前往充值",
  "1028": "盘口信息检索失败",
  "1029": "点击可以聊天",
  "1030": "请先充值!",
  "1031": "向上取聊天数据",
  "1032": "向下取聊天数据",
  "1033": "聊天室",
  "1034": "不得发放广告及诈骗，违规者封号处理",
  "1035": "需要充值后才能发言",
  "1036": "有更多信息",
  "1037": "暂无盘口",
  "1038": "中场",
  "1039": "全场",
  "1040": "进行中",
  "1042": "盘",
  "1043": "局",
  "1044": "G{n}",
  "1045": "S{n}",
  "1046": "出局",
  "1047": "未开赛",
  "1048": "局数",
  "1049": "盘数",
  "1050": "本局",
  "1051": "总分",
  "1052": "第{count}次网络请求错误,{msg}",
  "1053": "第{count}次网络请求错误,返回数据为空",
  "1054": "此赛事已结束或当前无法进入，请稍后再试或选择其它赛事",
  "1055": "上半场",
  "1056": "暂无直播源",
  "1060": "HT",
  "1061": "FT",
  "1062": "更多{sportName}赛事",
  "1064": "全场比分",
  "1065": "半场比分",
  "1066": "平",
  "1067": "输",
  "1068": "输一半",
  "1069": "赢",
  "1070": "赢一半",
  "1071": "提前结算",
  "1072": "第{period}节",
  "1073": "盘口发生变动，无法跟单",
  "1074": "数据异常，无法跟单",
  "1075": "HDP",
  "1076": "HDP",
  "1077": "HDP",
  "1078": "O/U",
  "1079": "1x2",
  "1080": "1x2",
  "1081": "1x2",
  "1082": "1x2",
  "1083": "单关",
  "1084": "Valor da aposta",
  "1085": "投注时间",
  "1086": "投注详情",
  "1087": "投注盘口",
  "1088": "投注玩法",
  "1089": "投注赔率",
  "1090": "投注时刻",
  "1091": "投时比分",
  "1092": "所属联赛",
  "1093": "比赛队伍",
  "1094": "比赛时间",
  "1095": "比赛结果",
  "1096": "是否提前结算{currency} {buyBackPricing}?",
  "1097": "本注单已成功结算{currency} {buyBackPricing}?",
  "1098": "实际结算金额依当下时间为准",
  "1099": "请核对余额记录",
  "1100": "收米",
  "1101": "最高可赢",
  "1102": "首场时间",
  "1104": "晒单",
  "1105": "跟单",
  "1106": "仅限投注额超过100的注单",
  "1107": "别人的晒单",
  "1108": "投注单号",
  "1110": "提前结算金额已包含本金",
  "1111": "赛果",
  "1112": "Tempo de início",
  "1113": "全选",
  "1114": "反选",
  "1115": "已选",
  "1116": "个联赛",
  "1117": "最多选择10个投注项",
  "1118": "已退款",
  "1119": "已确认",
  "1120": "已取消",
  "1121": "待处理",
  "1122": "已拒绝",
  "1123": "已废弃",
  "1124": "未结算",
  "1125": "已结算",
  "1126": "O",
  "1127": "U",
  "1128": "H",
  "1129": "A",
  "1130": "D",
  "1131": "Follow",
  "1133": "Soccer",
  "1134": "Basketball",
  "1135": "Tennis",
  "1136": "Volleyball",
  "1137": "PingPong",
  "1138": "Badminton",
  "1139": "Baseball",
  "1140": "Cricket",
  "1141": "Football",
  "1142": "Detail",
  "1143": "Today",
  "1144": "InPlay",
  "1145": "Early",
  "1146": "Vincular",
  "1147": "Campeão",
  "1148": "InPlay",
  "1149": "Today",
  "1150": "Special",
  "1151": "Popular",
  "1152": "Other",
  "1153": "Campeonato",
  "1154": "Tempo",
  "1155": "Malay Odds",
  "1156": "Hong Kong Odds",
  "1157": "Euro Odds",
  "1158": "Indo Odds",
  "1159": "Usa Odds",
  "1160": "清除成功",
  "1161": "赛事详情",
  "1162": "网络卡了，请重试！",
  "1163": "请稍后点击刷新！",
  "1164": "点击刷新({count})",
  "1500": "您好，请先登录/注册",
  "1501": "Centro de bônus",
  "1502": "Saldo",
  "1503": "VIP",
  "1504": "Depositar",
  "1505": "Saque",
  "1506": "Funções Comuns",
  "1507": "代理中心",
  "1508": "Centro de Segurança",
  "1509": "Reembolso do jogo",
  "1510": "Promoções",
  "1511": "Promova e ganhe",
  "1512": "Registro de transação",
  "1513": "Registro de apostas",
  "1514": "Gestão de cartões",
  "1515": "Gestão de endereço",
  "1516": "Negócio conjunto ",
  "1517": "Esportes",
  "1518": "Configuraçõe do evento",
  "1519": "Centro de ajuda",
  "1520": "Configuração do sistema",
  "1521": "震动设置",
  "1522": "Mudança de idioma",
  "1523": "Mudança de fuso horário",
  "1524": "主题模式",
  "1525": "浅色",
  "1526": "深色",
  "1527": "自动",
  "1528": "设备信息",
  "1529": "Centro de Atenção",
  "1530": "Feedback",
  "1531": "版本检测",
  "1532": "清理缓存",
  "1533": "确认要清理缓存吗？",
  "1534": "Sobre nós",
  "1535": "Fechar Sessão",
  "1536": "确认要退出登录吗？",
  "1537": "Selecione uma imagem",
  "1538": "上次登录",
  "1539": "Informação pessoal",
  "1540": "Alterar senha de login",
  "1541": "修改资金密码",
  "1542": "Vincular número de telefone",
  "1543": "电子邮箱绑定",
  "1544": "ID do usuário",
  "1545": "邀请码",
  "1546": "Insira seu aniversário para receber o presente de aniversário",
  "1547": "Alterar regularmente sua senha de login melhora sua segurança",
  "1548": "修改",
  "1549": "Editar nick",
  "1550": "Gênero",
  "1551": "男",
  "1552": "女",
  "1553": "Data de nascimento",
  "1554": "选择出生日期",
  "1555": "保存",
  "1556": "请输入旧密码",
  "1557": "请输入6~15位密码",
  "1558": "请再次输入6~15位密码",
  "1560": "请输入6~15位登录密码",
  "1561": "请输入6位新资金密码",
  "1562": "请再次输入6位新资金密码",
  "1563": "您已绑定手机号",
  "1564": "Se precisar de ajuda, ",
  "1565": "entre em contato com o atendimento ao cliente 7x24",
  "1566": "请输入电子邮箱",
  "1567": "浏览历史",
  "1568": "旧密码和新密码不能一致",
  "1569": "登录密码修改成功",
  "1575": "发送验证码",
  "1576": "游戏记录",
  "1577": "Indefinido",
  "1578": "请输入6位支付密码",
  "1579": "资金密码",
  "1581": "修改成功",
  "1582": "须使用6位数字组成",
  "1583": "设置成功",
  "1584": "请设置资金密码",
  "1585": "再次输入资金密码",
  "1587": "上一步",
  "1589": "您还未设置{typeName}资金密码",
  "1590": "去设置",
  "1591": "当前已是最新版本",
  "1592": "Número do pedido",
  "1593": "日期时间",
  "1594": "兑换币种",
  "1595": "兑换金额",
  "1596": "汇率",
  "1597": "Moeda",
  "1598": "金额",
  "1599": "代存时间",
  "1600": "调整类型",
  "1601": "调整币种",
  "1602": "调整金额",
  "1603": "Observação",
  "1605": "所属场馆",
  "1606": "任务类型",
  "1607": "场馆/游戏",
  "1608": "Moeda de Aposta",
  "1610": "Valor do depósito",
  "1611": "会员升级",
  "1612": "推广比例",
  "1613": "推广金额",
  "1614": "红利详情",
  "1615": "红利名称",
  "1617": "注单时间",
  "1618": "Nível de membro",
  "1620": "返水比例",
  "1621": "返水金额",
  "1622": "提款流水倍数",
  "1623": "提款流水金额",
  "1624": "返水时间",
  "1625": "返现详情",
  "1626": "返现类型",
  "1627": "任务详情",
  "1628": "任务组名称",
  "1629": "任务条目名称",
  "1630": "邮箱绑定成功",
  "1631": "e-mail vinculado",
  "1632": "请输入正确的电子邮箱",
  "1633": "Confirmar",
  "1634": "绑定手机号",
  "1635": "重发验证码",
  "1636": "手机号绑定成功",
  "1638": "验证",
  "1639": "已发送短信到{tel} {phone}，请输入5位数验证码",
  "1640": "验证码将发送至{tel}",
  "1641": "发送",
  "1642": "验证码已发送至{tel}",
  "1643": "Definir senha do fundo",
  "1644": "其他详情",
  "1645": "代理代存详情",
  "1646": "福利兑换详情",
  "1647": "线路{index}",
  "1648": "(当前线路)",
  "1650": "一键截图",
  "1651": "会员账号",
  "1653": "当前网络",
  "1654": "系统类型",
  "1655": "当前时间",
  "1656": "IP地址",
  "1657": "设备ID",
  "1658": "设备名称",
  "1659": "设备型号",
  "1660": "APP版本号",
  "1661": "语言变更后需要重新开启APP",
  "1662": "Aceitar automaticamente quaisquer alteraçõe na taxa",
  "1663": "Não aceitar nenhuma alteraçõe de taxa",
  "1664": "Contato do agente",
  "1665": "Preferências de taxas",
  "1666": "发现新版本",
  "1667": "新版本大小：{size}MB",
  "1668": "如无法下载更新，请",
  "1669": "点此前往官网下载",
  "1670": "立即更新",
  "1671": "下次提醒",
  "1672": "开始下载",
  "1673": "下载完成",
  "1674": "下载错误",
  "1675": "确定更改时区吗",
  "1676": "Pesquisar país e cidade",
  "1677": "Mudança de fuso horário",
  "1683": "推广",
  "1684": "兑换",
  "1685": "任务",
  "1686": "返现",
  "1687": "红利",
  "1689": "代理代存",
  "1690": "请输入2~10位昵称",
  "2000": "每个币种只能添加一张卡片，请先解绑",
  "2002": "请选择收款币种",
  "2003": "绑定收币地址成功",
  "2004": "收款币种",
  "2006": "收币地址",
  "2007": "请输入收币地址",
  "2008": "请输入8~64位字母、数字",
  "2009": "地址别名",
  "2010": "请输入地址别名",
  "2011": "请输入1~8位中文、字母、数字",
  "2013": "请确认是否删除此虚拟币地址",
  "2014": "删除成功",
  "2016": "Endereço ainda não vinculado",
  "2017": "+添加虚拟币地址",
  "2018": "最多可添加{count}个虚拟币地址",
  "2019": "请输入16位或19位银行卡号",
  "2020": "您输入的卡号不是有效的银行卡号，请输入有效的银行卡号",
  "2021": "每个银行只能添加一张卡片，请先解绑",
  "2022": "选择所属银行",
  "2023": "请选择开户地区",
  "2025": "绑卡成功",
  "2026": "请输入有效的银行卡号",
  "2027": "Verifique se o nome inserido está correto com o nome no cartão do banco",
  "2028": "持卡人",
  "2029": "请输入真实姓名",
  "2030": "请输入2~4位中文姓名",
  "2031": "所属银行",
  "2032": "请选择所属银行",
  "2033": "开户地区",
  "2034": "暂未绑卡",
  "2035": "银行卡号",
  "2037": "+添加银行卡",
  "2038": "最多可添加{count}张银行卡",
  "2039": "每个钱包只能添加一张卡片，请先解绑",
  "2040": "选择钱包类型",
  "2041": "绑定钱包地址成功",
  "2042": "收款钱包",
  "2043": "钱包地址",
  "2044": "请输入钱包地址",
  "2046": "钱包别名",
  "2047": "请输入钱包别名",
  "2049": "暂未绑定钱包",
  "2050": "+添加电子钱包",
  "2051": "最多可添加{count}个电子钱包",
  "2052": "储蓄卡",
  "2053": "Deletar",
  "2054": "{bankCode}钱包",
  "2055": "请确认是否删除此银行卡片",
  "2056": "请确认是否删除此电子钱包地址",
  "2058": "您还未绑定手机号",
  "2059": "去绑定",
  "2061": "Definir carteira principal",
  "2062": "Moeda",
  "2065": "Vai pagar",
  "2066": "付款确认",
  "2067": "请确认您已支付，恶意点击可能会被官方冻结账户",
  "2068": "Selecione o canal de depósito",
  "2069": "请输入存款金额({currency})",
  "2070": "预计到账:",
  "2071": "参考汇率",
  "2072": "请输入金额(限额{min}~{max})",
  "2073": "Selecione o método de depósito",
  "2074": "加送{rate}%",
  "2075": "{content}已经复制到剪切板",
  "2076": "请完成付款",
  "2077": "请在",
  "2078": "内完成付款",
  "2079": "等待审核",
  "2080": "到账时系统会通知您，请耐心等待",
  "2081": "充值成功",
  "2083": "充值失败",
  "2085": "联系客服",
  "2086": "已上传凭证",
  "2087": "上传付款凭证",
  "2088": "我已经付款成功",
  "2089": "USDT地址已经复制到剪切板",
  "2093": "Operação",
  "2094": "存款方式",
  "2095": "存款",
  "2096": "充值时间",
  "2099": "Valor do pagamento",
  "2100": "请使用银行APP向以下账户进行转账",
  "2101": "银行名称",
  "2102": "收款人",
  "2104": "请填写（转账人名字）或（凭证编号）会提升到账速度！",
  "2106": "提交成功，审核中",
  "2107": "请使用虚拟币钱包对以下地址进行转账",
  "2108": "地址",
  "2109": "请用支付宝扫描以下二维码进行支付",
  "2110": "支付宝账号",
  "2111": "二维码生成出错了，请稍后重试！",
  "2112": "长按二维码保存相册",
  "2113": "超时已自动取消",
  "2114": "数据出错了，请稍后再试",
  "2115": "通道暂未开启",
  "2116": "上传付款凭证成功",
  "2117": "存款通道不可用",
  "2118": "请选择其他存款通道,提升存款成功率",
  "2119": "购买GDB",
  "2120": "如何获得更多GDB币，请点击右侧【购买GDB】，在新开的GDPay页面中点击【购买】，交易成功后即可获得",
  "2121": "拍照",
  "2122": "相册",
  "2124": "额度存款",
  "2125": "佣金存款",
  "2126": "存款详情",
  "2127": "存款成功",
  "2128": "请耐心等待5分钟，余额到账中...",
  "2129": "充值到账为{fiat}",
  "2130": "当前中心钱包币种为{fiat}，拟币充值到账为{fiat}",
  "2131": "快捷存款",
  "2132": "普通存款",
  "2133": "待付款",
  "2134": "您有一笔订单待支付，请支付订单后上传付款凭证",
  "2135": "撤销这笔存款",
  "2139": "可提款额度 {money}",
  "2141": "请输入提款金额",
  "2142": "请选择{name}",
  "2143": "到账银行",
  "2144": "到账地址",
  "2145": "到账电子钱包",
  "2146": "请选择提款方式",
  "2147": "请先选择提款类型",
  "2148": "加送规则",
  "2149": "规避提款高峰期，享额外加送",
  "2150": "实际到账时间",
  "2151": "小时",
  "2152": "加送",
  "2153": "注：预约提款奖励最终根据实际出款时间发放，如有任何问题请联系在线客服或财务专属客服",
  "2154": "进入钱包",
  "2155": "GDPay地址：",
  "2156": "提款通道不可用",
  "2157": "请选择其他提款通道,提升提款成功率",
  "2158": "请先选择提款币种",
  "2159": "没有可提款额度",
  "2160": "您还需满足 {need} 流水金额才可提款 {total}",
  "2161": "隐藏明细",
  "2162": "查看明细",
  "2163": "收起",
  "2164": "展开",
  "2165": "{desc}可提款 {total} ",
  "2166": "请注意查收{name}信息，将自动到账",
  "2167": "{desc}活动领取 {amount} 提款需流水倍数 {multiple} 倍",
  "2168": "可提款总额",
  "2169": "可提款金额",
  "2170": "需要流水总额",
  "2171": "已满足流水金额",
  "2172": "提现方式",
  "2173": "提现时间",
  "2174": "申请已提交",
  "2175": "出款中",
  "2176": "成功到账",
  "2178": "(尾号{bankCard})",
  "2179": "请输入取款金额",
  "2180": "余额不足",
  "2182": "即时提款(即时到账)",
  "2183": "预约提款({minHours}~{maxHours}小时到账)",
  "2184": "加送{minRate}%~{maxRate}%",
  "2187": "提款详情",
  "2188": "添加银行卡",
  "2189": "添加虚拟币地址",
  "2190": "添加电子钱包",
  "2191": "汇率获取失败，请稍后再试",
  "2192": "GDPay",
  "2193": "EBPay",
  "2194": "OKPay",
  "2195": "TOPay",
  "2196": "支付宝",
  "2197": "微信",
  "2198": "银行卡",
  "2199": "虚拟币",
  "2200": "电子钱包",
  "2202": "GDPay极速",
  "2203": "数字人民币",
  "2204": "已创建",
  "2205": "审核中",
  "2206": "已成功",
  "2207": "已失败",
  "2209": "点卡",
  "2210": "稽核",
  "2501": "Tipo de pergunta",
  "2502": "Descrição do Problema",
  "2503": "请详细描述您的问题，填写内容不小于{count}字",
  "2504": "仅支持JPG、PNG图片格式、每张图片小于5M，最多传{count}张",
  "2505": "Enviar",
  "2506": "Meu feedback",
  "2507": "问题状态",
  "2508": "客服回复",
  "2509": "已回复",
  "2510": "未回复",
  "2511": "已采纳",
  "2512": "消息",
  "2513": "Anúncio",
  "2514": "Mensagens",
  "2515": "Anúncio do evento",
  "2516": "Editar",
  "2519": "未读",
  "2520": "已读",
  "2522": "确认要删除吗？",
  "2523": "消息详情",
  "2524": "VIP中心",
  "2525": "当前存款：",
  "2526": "当前有效投注：",
  "2527": "VIP详情>>",
  "2528": "累计存款",
  "2529": "保级流水({day}天)",
  "2530": "保级存款({day}天)",
  "2531": "Requisitos de rollover",
  "2532": "等级",
  "2533": "存款要求",
  "2535": "VIP福利",
  "2536": "会员升级一级，都能获得相应的奖励",
  "2537": "发放的福利可至",
  "2540": "Voltar ao topo",
  "2542": "Bônus de rollover",
  "2543": "Bônus de rollover recebido",
  "2544": "Aposta total do membro",
  "2545": "Bônus de rollover pendente",
  "2546": "通过推广方式邀请注册，注册成功后的会员存款后下注您就可以获得收益。例：会员下注产生了800000的有效投注，场馆的返点为0.2%，您可以获得800000*0.20%=1600额度，产生的额度将会转到您的会员账号钱包下。",
  "2547": "Bônus depósito",
  "2548": "Bônus de depósito recebido",
  "2549": "Bônus de depósito pendente",
  "2550": "通过推广邀请注册的会员，存款达到xxx元时，推广者与受邀者都可以获得奖励。",
  "2551": "Bônus de atualização",
  "2552": "Bônus de atualização recebido",
  "2553": "Bônus de atualização pendente",
  "2554": "Por meio de sua promoção e convite para registrar membros, você pode ganhar recompensas quando os membros atingirem o nível de associação correspondente pela primeira vez.",
  "2555": "Liquidação de recompensa",
  "2557": "Link de promoção",
  "2558": "Salvar no álbum",
  "2559": "Descrição do Evento",
  "2560": "活动时间:长期活动",
  "2561": "活动对象:{content}",
  "2562": "Todos os membros",
  "2563": "VIP{level}及以上会员",
  "2564": "活动细则",
  "2565": "Detalhes da promoção",
  "2566": "Detalhes do bônus",
  "2567": "请输入您想要查询的会员名称",
  "2568": "会员名称",
  "2569": "场馆",
  "2571": "奖励",
  "2573": "推广者奖励",
  "2574": "受邀者奖励",
  "2575": "升级前等级",
  "2576": "升级后等级",
  "2577": "Membro de nível um",
  "2578": "Membro nível dois",
  "2579": "推广者返点",
  "2580": "受邀者返点",
  "2582": "Valor do bônus",
  "2583": "图片大小不能超过5M",
  "2584": "图片上传成功",
  "2585": "图片上传失败",
  "2587": "推广链接已复制",
  "2588": "呼唤朋友分享赚佣金",
  "2589": "注册时间：",
  "2590": "Detalhes VIP",
  "2591": "Exclusivo",
  "2592": "锁定",
  "2593": "解锁",
  "2594": "Receber",
  "2595": "Qualificado",
  "2596": "Paid",
  "2597": "Bônus de atualização",
  "2598": "Envelope vermelho mensal",
  "2599": "Envelopes vermelhos a primeira metade do mês",
  "2600": "Envelopes vermelhos a segunda metade do mês",
  "2601": "Bônus de aniversário",
  "2602": "每月{th}号",
  "2603": "每月月末",
  "2604": "已成功领取",
  "2605": "获取分享信息失败",
  "2606": "扫描二维码",
  "2607": "Permanente",
  "2608": "{start} 至 {end}",
  "2609": "Eventos",
  "2610": "活动开始：{time}",
  "2611": "活动结束：{time}",
  "2612": "申请时间：{time}",
  "2613": "通过时间：{time}",
  "2614": "申请内容：",
  "2615": "第{count}次申请",
  "2616": "报名参与",
  "2618": "奖励：",
  "2619": "前往",
  "2620": "任务条目匹配失败",
  "2621": "活动",
  "2623": "领取成功",
  "2625": "日有效投注",
  "2626": "会员返水",
  "2627": "返水规则",
  "2628": "1、每位会员、每个IP、都将视为独立账号，若发现重复注册或者相同IP多账号现象，则视为同一人，此IP下所有账号，{appName}有权拒绝重复发放返水。",
  "2629": "2、无论是个人或是团体有任何威胁、滥用，违规行为，{appName}将保留有权取消或收回返水。",
  "2630": "3、为避免文字上的理解差异【{appName}】保持对返水的最终解释权，并有权更改、延迟或取消！",
  "2632": "Registro de reembolso",
  "2633": "有效投注 {availableAmount}",
  "2635": "返水 {returnAmount}",
  "2636": "领取全部",
  "2637": "返水:",
  "2638": "有效投注: ",
  "2639": "笔",
  "2640": "福利积分: {amount}",
  "2641": "总计 {totalNumber} 笔福利  福利积分 {totalMoney}",
  "2642": "未领取的福利仅保存90天，请及时领取",
  "2643": "Clique para Coleção",
  "2644": "福利积分:",
  "2645": "福利积分",
  "2647": "{source} 福利积分 = 1 {target}",
  "2648": "当前币种汇率获取失败",
  "2649": "Convertível em aprox.",
  "2650": "兑换后提款时所需要的流水金额约为",
  "2651": "红利的提款倍数是一个综合算法，用户提取福利余额时，根据公式（公式：提款流水总金额*（提取金额/提取总金额））来计算出用户用户提款该笔福利金额的所需流水金额",
  "2652": "兑换积分不足",
  "2653": "兑换成功",
  "2654": "兑换福利",
  "2655": "兑换记录",
  "2656": "Confirmar troca",
  "2658": "福利记录",
  "2659": "已开放",
  "2660": "离开",
  "2661": "点击打开",
  "2662": "很遗憾",
  "2663": "您的红包已领取",
  "2664": "领完了，一分钱都没留下",
  "2665": "正在赶来的路上",
  "2666": "只留下了幸运值",
  "2667": "请稍后到领取记录里查看",
  "2668": "领取或倒计时结束后款项会自动到达您的相应钱包",
  "2669": "幸运值可以参与幸运抽奖活动",
  "2670": "收下",
  "2672": "距离红包雨场地关闭还有:{time}",
  "2673": "红包雨领取记录",
  "2675": "您还未绑定银行卡",
  "2677": "活动已结束",
  "2680": "指标规则:",
  "2681": "领包模式:",
  "2682": "领包限定日期范围:",
  "2683": "累计存款:",
  "2684": "累计有效投注:",
  "2685": "单笔存款:",
  "2686": "单笔有效投注:",
  "2687": "1、所有优惠以{fiat}为结算金额，以北京时间为计时区间。\n2、每位玩家﹑每户﹑每一住址 、每一电子邮箱地址、每一电话号码、相同支付方式(相同借记卡/信用卡/银行账户) 及IP地址只能享有一次优惠；若会员有重复申请账号行为，公司保留取消或收回会员优惠彩金的权利。\n3、{appName}的所有优惠特为玩家而设，如发现任何团体或个人，以不诚实方式套取红利或任何威胁、滥用公司优惠等行为，公司保留冻结、取消该团体或个人账户及账户结余的权利。\n4、若会员对活动有争议时，为确保双方利益，杜绝身份盗用行为，{appName}有权要求会员向我们提供充足有效的文件，用以确认是否享有该优惠的资质。\n5、当参与优惠会员未能完全遵守、或违反、或滥用任何有关公司优惠或推广的条款，又或我们有任何证据有任何团队或个人投下一连串的关联赌注，借以造成无论赛果怎样都可以确保可以从该存款红利或其他推广活动提供的优惠获利，{appName}保留权利向此团队或个人停止、取消优惠或索回已支付的全部优惠红利。此外，公司亦保留权利向这些客户扣取相当于优惠红利价值的行政费用，以补偿我们的行政成本。\n6、{appName}保留对活动的最终解释权；以及在无通知的情况下修改、终止活动的权利；适用于所有优惠会员。",
  "2688": "返水详情",
  "2689": "参与申请",
  "2690": "领奖申请",
  "2691": "奖励记录",
  "2692": "会员活动",
  "2693": "加送活动彩金",
  "2694": "会员红利",
  "2695": "会员任务",
  "3000": "Serviço ao cliente",
  "3001": "Contato da agência",
  "3002": "六大特色",
  "3003": "告诉您选择我们的优势",
  "3004": "个人化账户管理",
  "3005": "实时监控玩家动向 掌握最新网站资讯 个人化服务 有需必应",
  "3006": "您坚实的后盾",
  "3007": "坐享营销资源 享受巨大的品牌效应 别具一格的营销手段",
  "3008": "沟通零障碍",
  "3009": "客户经理说您的语言懂您的文化",
  "3010": "终身制佣金",
  "3011": "高达55% 业界最高 玩家成为您的固定资产 终身获利于玩家的投注",
  "3012": "按时支付佣金",
  "3013": "享有绝佳口碑 逢月初必酬 从不拖款 多种支付方式任您选",
  "3014": "让玩家欲罢不能",
  "3015": "好玩的游戏 优惠惊喜连环来袭 全天候客服",
  "3016": "第一步",
  "3017": "申请加盟合营计划",
  "3018": "第二步",
  "3019": "领取加盟宣传链接",
  "3020": "第三步",
  "3021": "在互联网上宣传{appName}",
  "3022": "Depois de concluir os três passos acima. As super comissões estão disponíveis ao seu alcance!",
  "3023": "{appName}在业界享誉10余载拥有绝佳口碑。无论玩家使用手机、智能电脑、笔记本电脑还是普通台机，都能享受绝佳的游戏体验。这是你盈利的可靠保障。",
  "3024": "您已经是代理了",
  "3025": "已申请，审核中",
  "3026": "加入合营计划>>",
  "3027": "体育赛事",
  "3028": "真人荷官",
  "3030": "棋牌游戏",
  "3031": "老虎机",
  "3032": "捕鱼游戏",
  "3033": "最给力的手机博彩游戏",
  "3034": "所有设备一次满足",
  "3035": "{appName}汇集了全球的博彩业界菁英，自2007年起、{appName}凭借安全与专业的服务，建立了极佳的声誉。创造顶级的游戏体验是我们矢志不渝的追求，无论玩家使用手机、智能电脑、笔记本电脑还是普通台机，都能享受绝佳的游戏体验。",
  "3036": "邮箱",
  "3039": "请输入{value}账号",
  "3041": "手机号",
  "3048": "您已完成代理申请，请耐心等待审核",
  "3051": "{second}秒",
  "3054": "佣金比例",
  "3055": "取款记录",
  "3056": "充值记录",
  "3057": "Balanço líquidas no mês",
  "3058": "Membro da equipe",
  "3059": "Membro direto",
  "3060": "Primeiros depositantes",
  "3061": "Adicionar novo membro à equipe",
  "3062": "Adicionar membro direto",
  "3063": "Adicionar novo membro",
  "3064": "Apostadores",
  "3065": "Depositantes",
  "3066": "Saques",
  "3067": "Perfil do usuário",
  "3069": "Mês",
  "3070": "Commission",
  "3071": "代理账号{username}",
  "3072": "代理分组:",
  "3073": "代理备注:",
  "3074": "是否欠款:有",
  "3075": "是否欠款:无",
  "3076": "存款:{depositTotal}",
  "3077": "提款:{withdrawTotal}",
  "3078": "团队会员人数:{playerTotal}",
  "3079": "直属会员人数:{directPlayerTotal}",
  "3080": "团队代理人数:{agentTotal}",
  "3081": "直属代理人数:{directAgentTotal}",
  "3082": "Taxa de reembolso",
  "3083": "未配置",
  "3084": "Tempo de registro",
  "3086": "请输入代理账号",
  "3087": "Dados do agente",
  "3088": "Transferência de agente",
  "3089": "Editar grupo",
  "3090": "Observações do agente",
  "3091": "Operar",
  "3093": "提款",
  "3094": "Observações do membro",
  "3095": "会员账号{username}",
  "3097": "请填入备注的原因...",
  "3100": "请填入备注的原因",
  "3101": "分组编辑",
  "3102": "Deseja enviar o contrato? (O contrato não pode ser modificado após o envio)",
  "3103": "已存在未确认契约，暂无法重定！",
  "3104": "Enviado com sucesso",
  "3105": "Faixa de escala",
  "3106": "Contrato de subordinado ",
  "3107": "Enviar contrato",
  "3108": "Balanço total",
  "3109": "Insira o valor",
  "3110": "账号不存在",
  "3111": "Não assinado",
  "3112": "处理中",
  "3113": "Assinado",
  "3114": "Rejeitar",
  "3115": "Estado do contrato",
  "3116": "Estado atual",
  "3117": "Vigente",
  "3118": "Expirado",
  "3119": "Para fazer efeito",
  "3120": "Ver conta de agente subordinado",
  "3121": "重定契约",
  "3122": "重定",
  "3123": "制定时间",
  "3124": "Tempo de assinatura",
  "3125": "Não",
  "3126": "Mais detalhes",
  "3127": "规则{index}",
  "3129": "按契约状态",
  "3130": "制定时间近至远",
  "3131": "制定时间远至近",
  "3132": "最大比例大至小",
  "3133": "最小比例小至大",
  "3134": "Contrato novo",
  "3135": "Adicionar",
  "3136": "添加成功",
  "3137": "编辑成功",
  "3139": "Adicionar grupo",
  "3140": "{agentName}分组:",
  "3141": "请输入10个字符以内的标签名称",
  "3142": "你确定删除此分组？",
  "3145": "Número de série",
  "3146": "{typename}分组",
  "3147": "{typename}数量",
  "3148": "Grupo de membros",
  "3149": "Grupo de agentes",
  "3150": "Pagar agente superior",
  "3151": "Pagar subordinados",
  "3153": "Agente pagador",
  "3155": "Agente de cobrança",
  "3156": "Tempo de operação",
  "3157": "Comissão pendente",
  "3158": "佣金余额",
  "3159": "Recarregar",
  "3160": "去结算({person}人)",
  "3161": "支付成功",
  "3162": "直属有效会员人数:",
  "3163": "Refazer balanço líquido",
  "3164": "Balanço líquido",
  "3165": "Custos de operação",
  "3166": "Ajuste de conta",
  "3167": "Pedido de Balanço",
  "3168": "Saldo do último mês",
  "3169": "VIP exclusivo",
  "3170": "Período de faturamento",
  "3171": "团队佣金",
  "3172": "Gestão de Comissão",
  "3173": "Registros de faturamento",
  "3176": "请输入金额(限额0~{balance})",
  "3177": "转账成功",
  "3178": "密码",
  "3179": "密码错误",
  "3180": "转账失败",
  "3181": "转账金额",
  "3182": "￥金额",
  "3183": "最多可输入金额(¥{balance}元)",
  "3184": "转入钱包",
  "3185": "中心钱包",
  "3186": "Carteira de comissões",
  "3187": "Carteira de Cotas",
  "3188": "代理通过转账的方式为代理线上会员代存，可以参与存款类活动的计算；同时会员提款需要完成足够的流水",
  "3189": "转到代理对应的{title}，可以进行提款，也可以给代理线上的其他会员或者代理转账。",
  "3191": "立即转账",
  "3192": "Transferir dentro",
  "3193": "Transferir fora",
  "3194": "会员",
  "3196": "Copiado com sucesso",
  "3197": "Conta de transferência",
  "3198": "Carteira de transferência",
  "3199": "转出类型",
  "3200": "业界最佳佣金制度",
  "3201": "给你绝对的诚意",
  "3202": "佣金计划",
  "3203": "直属有效会员人数条件：≥5",
  "3204": "什么是有效玩家？",
  "3205": "有效玩家就是成功注册一个玩家账户，在本月内存款达到500有效投注3000以上算1位有效玩家。每月代理联盟业绩于结算后归零重新开始。以上计算方式仅供参考，具体参照详细规定。",
  "3206": "佣金支付",
  "3207": "联盟佣金计算，结算区问为本月第1天到本月的最后1天将会员盈利，以联盟方案分红公式计算，扣除联盟体系会员相应的优惠、行政费用后，佣金由承办客服于每个月的2-3号开始与代理确认金额后，5号将佣金直接汇入代理联盟登记之银行账号。每月代理联盟业绩于结算后归零重新开始。以上计算方式仅供参考，具体参照详细规定。",
  "3209": "Informação básica",
  "3210": "如果我没有自己的网站可以加盟吗",
  "3211": "拥有个人网站无疑是推广我们品牌的最佳方式。即使没有，我们也同样会为您提供推广链接和宣传广告，以便您进行推广。如果您有其它的推广方式想跟我们分享，欢迎联系我们合营团队进行交流探讨。",
  "3212": "您的推广的成绩和收入完全成正比。您的推广业绩越高，客户质量越高，您的佣金分成也就越高；目前佣金政策分为5个阶梯式，最低的佣金比例是20%，最高为55%，具体佣金制度详情，请点击'佣金制度'了解！若您对佣金比例有特殊要求，请联络我们的代理专员。",
  "3213": "Forma de promoção",
  "3214": "我应该把文字链接及图片放在我网站上的什么位置？",
  "3215": "您可以把宣传条幅和文字链接放置在您的网站主页或其它高访问量页面的显要位置，从而为您带来更多的访客与玩家。您也可以联系我们的合营客户专员共同研究最佳推广方案。",
  "3216": "Ganhos e Pagamentos",
  "3217": "我是如何赚取佣金的？",
  "3219": "有效玩家就是成功注册一个玩家账户，存款和有效投注限定值以上算1位有效玩家。",
  "3220": "我的合营佣金是如何计算的？",
  "3221": "代理佣金需要根据佣金政策进行结算。佣金结算必须满足2项首要条件：有效玩家人数以及净盈利值。您的有效人数关系到是否参与团队总盈利计算，而团队总盈利值关系到您可以得到的佣金比例。更多详情参见合营佣金方案",
  "3222": "Outros problemas",
  "3223": "我不确定我的链接是否正常有效，我怎么知道我介绍的用户是否有在我的线下？",
  "3224": "忘记密码怎么办？",
  "3225": "进入代理登录系统不需要输入密码，只需要登录会员账号拥有代理权限，点击代理中心，即可进入。支付密码可联系客服重置密码，然后重新设置",
  "3226": "如何更改我的账户信息？",
  "3227": "为了保障您的账户安全，请联系我们代理QQ客服并提供相关的账号信息材料进行审核验证修改。",
  "3228": "如何更改我的结算银行信息？",
  "3229": "登录代理后台，点击’佣金取款“一进行添加和修改银行信息",
  "3230": "是否可以提供给我更多关于我所介绍的玩家信息？",
  "3231": "我们欢迎世界各地的合营伙伴。如果您有意加入我们，您可以直接登录我们的网站联系我们的合营团队咨询更多相关事宜。",
  "3234": "Processo de Cooperação",
  "3235": "O mais poderoso jogo de cassino para celular (todos os dispositivos são atendidos ao mesmo tempo)",
  "3236": "Vantagem de serviço",
  "3237": "佣金方案",
  "3238": "Problema afiliado",
  "3239": "Contate-nos",
  "3242": "Usuário",
  "3243": "Relatório",
  "3246": "自存金额",
  "3248": "请输入自存金额",
  "3249": "Novo este mês (Pessoas)",
  "3250": "Novo atual este mês (Pessoas)",
  "3251": "Novo primeiro depósito este mês (Pessoas)",
  "3253": "Adicionar subordinado",
  "3254": "确认新增",
  "3260": "请求提现配置失败",
  "3262": "到账银行卡",
  "3266": "Registros de depósitos e saques",
  "3267": "Cota de depósito",
  "3268": "Comissão de saque",
  "3277": "Meu contrato",
  "3279": "Aplicativo de estouro",
  "3280": "Senha de saque",
  "3281": "Centro de mensagens",
  "3282": "Descrição da comissão",
  "3284": "您还未签约，无法进行溢出申请",
  "3285": "网络繁忙，请稍后再试",
  "3286": "请输入6位旧密码",
  "3293": "查询会员账号",
  "3294": "Aplicar agora",
  "3295": "全部状态",
  "3296": "会员不存在",
  "3297": "会员不满足申请条件",
  "3299": "Tempo de aplicação",
  "3301": "温馨提示：只能找回通过自身代理链接注册的会员账号。若会员账号注册时间超过3天、已有上级、历史申请绑定被拒绝，都无法进行申请。",
  "3303": "接受",
  "3305": "生效时间",
  "3306": "状态",
  "3307": "Contrato de comissão",
  "3308": "是否拒绝契约？",
  "3309": "拒绝契约",
  "3310": "是否接受契约？",
  "3311": "接受契约",
  "3312": "契约详情",
  "3314": "Passos",
  "3315": "代理佣金说明",
  "3316": "Simulador de comissão",
  "3318": "代理的佣金比例由本月团队总输赢决定。",
  "3319": "（团队总输赢计算统一按照CNY进行计算，若会员使用其他币种投注，按照相应的汇率换算后统一计算）",
  "3320": "Desde que o número de membros efetivos diretos do agente atinja o número definido de condições, o balanço dos membros subordinados pode ser calculado como o balanço da equipe.",
  "3321": "有效会员：当月存款≥100且有效投注≥500",
  "3322": "注：以上数据均为模拟器举例",
  "3323": "佣金计算方式",
  "3324": "个人佣金 = 团队佣金 - 下级团队佣金",
  "3325": "下级团队佣金 = 直属下级代理的团队佣金总和",
  "3326": "团队佣金 = 冲正后净输赢 * 佣金比例 + VIP专享佣金",
  "3327": "冲正后净输赢 = 当月净输赢 + 上月结余；",
  "3328": "当月净输赢 = -当月总输赢 - 运营成本 - 账户调整  + 补单输赢；",
  "3329": "当月总输赢 = 代理团队会员当月游戏总输赢",
  "3330": "上月结余 = 上月代理亏损的结余",
  "3331": "运营成本：在代理佣金计算时公司用于帮助代理推广使用到的成本需要按照比例扣除；",
  "3332": "总优惠 = 代理下线会员当月领取的平台发放优惠的总和",
  "3333": "总返水 = 代理下线会员当月领取平台返水的总和；",
  "3334": "场馆费 = 各游戏场馆总输赢 * 平台费率，但只有当月产生盈利，平台才会收取场馆费；",
  "3335": "账户调整 = 当会员流水异常时，站点管理员对会员进行账户调整；",
  "3336": "补单输赢 = 上月实时数据净输赢 - 上月发放佣金净输赢",
  "3337": "存款手续费 = 下级会员存款金额 * 存款费率 + 代理额度充值金额 * 存款费率；",
  "3338": "提款手续费 = 下级会员的取款金额 * 取款费率；",
  "3339": "注：请谨记任何使用无诚信的方法以骗取佣金将会被永久冻结账号，并终止合作关系，所有佣金一概不予发放。",
  "3343": "选择操作类型",
  "3345": "Equipe de agente ",
  "3347": "直属代理",
  "3348": "Gestão de Membros",
  "3349": "Gestão de Agentes",
  "3350": "Gestão de Grupos",
  "3351": "Gestão de Contratos",
  "3354": "Insira a conta de membro",
  "3355": "Dados do membro",
  "3356": "会员转账",
  "3361": "取款",
  "3362": "Último login",
  "3364": "Dias off-line",
  "3370": "时间统计",
  "3372": "Nome do lugar",
  "3375": "Balanço",
  "3378": "Aposta total",
  "3381": "Regras do Nível VIP",
  "3382": "代理级别",
  "3383": "Membros válidos",
  "3384": "新增有效会员人数",
  "3385": "Bônus de Nivel",
  "3386": "注：默认按高等级VIP发放加赠佣金，只可享受一个等级奖励；",
  "3388": "请输入人数",
  "3389": "本月总输赢",
  "3391": "Comissão de equipe este mês",
  "3392": "Cálculo",
  "3393": "Nota: O simulador não calcula despesas como custos operacionais e saldo do mês anterior. Os resultados são soamente uma referência.",
  "3394": "申请会员账号",
  "3395": "Equipe de promoção",
  "3396": "申请理由(选填)",
  "3397": "请输入理由50字以内",
  "3398": "Enviar Inscrição",
  "3399": "申请成功",
  "3400": "您未签约，无法进行溢出申请",
  "3405": "团队会员游戏实时记录",
  "3406": "盈亏报表",
  "3407": "会员游戏输赢总数据统计",
  "3408": "人数报表",
  "3409": "团队全面的人数统计",
  "3410": "财务报表",
  "3411": "团队财务统计报表",
  "3412": "佣金报表",
  "3413": "代理每月佣金统计和明细",
  "3414": "资金明细",
  "3415": "代理资金交易记录明细",
  "3416": "Período de dados",
  "3417": "总计",
  "3421": "Estatisticas",
  "3422": "人数",
  "3424": "直属新增会员",
  "3425": "新增有效会员",
  "3429": "返水人数",
  "3430": "红利人数",
  "3431": "活动人数",
  "3432": "返现人数",
  "3433": "VIP奖励人数",
  "3434": "任务人数",
  "3435": "推广人数",
  "3436": "团队新增代理",
  "3437": "直属新增代理",
  "3439": "Nome do jogo",
  "3443": "游戏场馆",
  "3447": "余额",
  "3448": "账变时间",
  "3449": "订单详情",
  "3450": "账变钱包",
  "3452": "账变后余额",
  "3455": "Verificar detalhes",
  "3457": "转账",
  "3458": "Armazenamento",
  "3459": "账户调整",
  "3462": "域名",
  "3463": "Promover domínio da página principal do APP",
  "3464": "主站H5推广域名",
  "3465": "主站PC推广域名",
  "3466": "防封二维码（QQ)",
  "3467": "防封二维码（微信）",
  "3468": "长链接二维码",
  "3469": "防封链接（QQ)",
  "3470": "防封链接（微信）",
  "3471": "长链接",
  "3472": "已帮您成功复制",
  "3474": "修改支付密码",
  "3475": "发放时间",
  "3476": "直属有效会员",
  "3478": "场馆费",
  "3479": "存提手续费",
  "3480": "由于下线会员上月注单存在获取延迟，该部分注单产生的输赢将记录在「补单输赢」中，并将加入本月的净输赢中。",
  "3484": "冲正后净输赢",
  "3485": "统计佣金调整的总和",
  "3486": "佣金调整",
  "3487": "VIP专享是额外佣金；是满足当月条件的佣金 * 比例所得",
  "3488": "团队总佣金",
  "3489": "下级代理总佣金",
  "3490": "个人佣金",
  "3491": "佣金发放状态",
  "3574": "{appName}会根据每月体育博彩、真人荷官、老虎机以及彩票的净收入按百分比计算佣金，净收益的定义为:公司在体育博彩、真人荷官、老虎机以及彩票中所得的毛利减去顾客的交易费用、错误款项追讨、税收、平台费、红利及其它奖赏等。参照费用及佣金是根据{appName}的统计方法及收集资料途径计算。",
  "3575": "{appName}在业界享誉10余载，拥有绝佳口碑。无论玩家使用手机、智能电脑、笔记本电脑还是普通台机，都能享受绝佳的游戏体验。这是你赢利的可靠保障。精心设计的佣金制度让你赚钱更容易。每月享有高达55%佣金",
  "3576": "佣金对照表（以下数据均为参考值，具体数据以系统后台设置为准",
  "3577": "什么是{appName}合营计划",
  "3578": "{appName}是一个合作盈利项目，玩家只要通过您任何一条的宣传条幅或推广链接成功注册成为{appName}玩家，并进行存款和有效的游戏投注，您就可以从玩家的投注纯盈利中获得收益，一旦您注册成为我们的合营伙伴，您就可以从您的客户玩家投注中赚取合营酬金。",
  "3579": "加盟{appName}合营计划的优势",
  "3580": "{appName}在博彩业内拥有超过10年的经验，是声望极高的国际品牌。我们的理念是游戏公平公正，支付实时实数。加盟{appName}是完全免费的，您只需拥有一个或多个推广网站，通过简单快捷的网上注册，即可马上领取广告条及文宇链接等推广工具。{appName}不设盈利佣金上限，玩家下注越多，您的赢利就越多，时刻从您介绍的客户玩家里赚取丰厚的佣金。自由安排工作时间，从现在起，您可以轻轻松松在家做老板。",
  "3581": "{appName}给业绩好的合营商有什么渠道奖励措施",
  "3582": "推广{appName}用什么样的宣传链接？",
  "3583": "当您成功注册代理账号后，只需要登录{appName}代理后台，点击推广网址查看您的专属推广链接即可。",
  "3584": "我可以在我的网站使用{appName}标志及相关内容吗？",
  "3585": "一旦您加入我们的合营计划后，您将只被准许使用我们提供的宣传链接，在未得到{appName}允许的情况下，您不得对相关内容进行任何修改。'",
  "3586": "如果玩家通过您的推广链接进行注册账号，{appName}系统会自动记录此客户的来源渠道，同时您的代理后台也会显示此玩家的信息。通过以上方式，我们可以直接查询到客户从何而来。",
  "3587": "{appName}怎么知道玩家是从我的网站介绍的？",
  "3588": "当您将我们的推广链接放在您的网站后，浏览者通过点击您网站上的{appName}宣传条幅与文字链接，或者通过电子报等方式进入游戏网站，注册，存款并进行投注成为活跃客户玩家，您就可以从您介绍的玩家所生成的净盈利中赚取客户酬金。您的收益将来自于您所介绍的玩家，您介绍的玩家越多，您的客户酬金越高。",
  "3589": "您可以登录{appName}代理后台系统点击推广网址查看您的专属链接是否有正常显示以及下级会员管理查看您线下玩家注册情况。如有疑问可以联系我们代理QQ客服咨询。",
  "3590": "为了保障玩家的账户安全，{appName}将不会提供客户玩家的个人信息。无论代理和玩家，我们都会保证其个人资料的安全性以及私隐权。",
  "3591": "{appName}是否接受来自于全球的合营伙伴？",
  "3592": "请输入金额(限额{minAmount}~{maxAmount})",
  "3593": "请输入{name}信息",
  "3594": "最低{minRate}%～最高{maxRate}%",
  "3595": "加入{appName}第{registeredDays}天",
  "3596": "佣金加赠{addedRebateRate}%，最高{rebateAmountMax}元",
  "3597": "代理信息获取失败，请退出重试",
  "3600": "转入账号",
  "3601": "请输入6-15位账号",
  "3602": "请输入转账金额",
  "3603": "转账类型",
  "3604": "Transferir para membro",
  "3605": "Transferir para o agente",
  "3606": "温馨提示：自存至中心钱包后，需要完成相应流水后才可提款",
  "3607": "Confirmar transferência",
  "3608": "账号",
  "3610": "Transferir para si mesmo"
}