{
  "-1": "请稍后重试！",
  "-2": "token失效",
  "614": "存款余额不足",
  "9999": "服务器错误",
  "0000": "成功",
  "9001": "非法请求",
  "9002": "会话已过期",
  "9003": "参数非法",
  "9004": "参数为空",
  "9005": "已经存在",
  "9006": "查询结果不存在",
  "9007": "重复请求",
  "9008": "请求已过期",
  "9009": "验证码错误",
  "9010": "符号错误",
  "9011": "非法数据",
  "9012": "非法域名",
  "9013": "域名过期",
  "9014": "参数为空",
  "9015": "系统繁忙，请稍后重试。",
  "9016": "无法重新提交申请！",
  "9017": "玩家钱包未获得锁定",
  "9018": "错误，请联系管理员！",
  "9019": "该账号在其他设备上登录",
  "9020": "非法用户，与上一阶段的用户不同",
  "9021": "非法用户",
  "9023": "代理ID缺失",
  "9500": "订单不存在",
  "9501": "投注错误",
  "9502": "提交错误",
  "9503": "系统中找不到该订单用户。",
  "9504": "系统中找不到订单玩家账号。",
  "9505": "该订单无法提前结算",
  "9506": "查询错误",
  "1000": "用户名或密码错误",
  "1001": "该账号已存在",
  "1002": "余额不足",
  "1003": "玩家钱包不存在",
  "1004": "会员不存在",
  "1005": "银行卡不存在",
  "1006": "密码错误",
  "1007": "上级帐号不存在",
  "1008": "用户vip级别错误",
  "1009": "IM 游戏中玩家游戏用户名不存在",
  "1010": "玩家状态错误",
  "1011": "代理已激活！",
  "1012": "后台已收到申请，正在审批中！",
  "1013": "银行卡上限",
  "1014": "区块链上限",
  "1015": "玩家注册错误",
  "1016": "玩家用户名存在",
  "1017": "银行卡绑定错误",
  "1018": "地址绑定错误",
  "1019": "该玩家上一场比赛仍在结算中，请稍后再试",
  "1020": "玩家比赛场地结算尚未完成，请1-5分钟后重试",
  "1021": "玩家余额变更已锁定",
  "1022": "玩家余额更新",
  "1023": "手机号码无效，请重试",
  "1026": "卡片已锁定",
  "1027": "会员类型不允许提现",
  "1028": "邀请码不正确",
  "1101": "玩家未加入聊天室",
  "1102": "该消息不存在",
  "1103": "消息发送太快",
  "1112": "不允许的文件类型！",
  "1201": "体育赛事不存在",
  "1202": "体育数据错误",
  "1203": "IM API 错误",
  "1204": "Saba Api 错误",
  "1205": "萨巴事件数据不存在",
  "1206": "沙巴市场数据不存在",
  "1207": "萨巴岛的直接数据不存在",
  "1301": "体育配额结果不存在",
  "1401": "非法命令",
  "1402": "该通道不存在",
  "1403": "该金额不合法",
  "1404": "该站支付通道不存在",
  "1405": "模板不存在",
  "1406": "该通道没有参数",
  "1407": "通道响应不存在",
  "1408": "响应非法",
  "1409": "浏览器的 URL",
  "1410": "提现错误",
  "1411": "银行不存在",
  "1412": "通道参数不存在",
  "1413": "支付类别不存在",
  "1414": "汇率不存在",
  "1415": "提现次数限制",
  "1416": "提币最大余额限制",
  "1417": "提币最低余额限额",
  "1418": "一次提现最大余额限制",
  "1419": "提现规则不存在",
  "1501": "该网站非法",
  "1502": "该站点vip不存在",
  "1503": "参数{}非法",
  "1504": "VipGrade数据无法删除！",
  "1505": "该站点不存在",
  "1506": "移动操作非法",
  "1507": "通知类型非法",
  "1508": "折扣不存在",
  "1509": "vip等级【{},{}】，参数【{}】不合法！",
  "1510": "代理账号已存在！",
  "1511": "未配置主代理级别！",
  "1512": "代理不存在！",
  "1513": "代理不受合同约束！",
  "1514": "代理为最低级别，不能创建下级代理！",
  "1515": "代理级别未配置！",
  "1516": "代理账号已存在！",
  "1517": "该玩家记录正在审核中！",
  "1518": "数据没有改变！",
  "1519": "操作失败，玩家和代理必须在同一个站点！",
  "1520": "申请失败，无法再次提交申请！",
  "1521": "代理未签名！",
  "1522": "玩家与代理不是同一个站点！",
  "1523": "请输入2到10个字符！",
  "1524": "您必须选择一项升级条件！",
  "1525": "开始时间早于结束时间！",
  "1526": "该应用发布不存在",
  "1527": "非法国家",
  "1528": "应用发布版本存在",
  "1529": "应用发布版本过低",
  "1530": "该汇率不存在",
  "1531": "银行卡不存在",
  "1532": "该地址未退出",
  "1533": "开始时间必须在上架时间内！",
  "1534": "请上传图片！",
  "1535": "短信验证码错误",
  "1536": "操作失败，订单状态已改变，请刷新重试！",
  "1537": "操作失败，银行卡单笔取款最低金额必须大于最低金额！",
  "1538": "操作失败，区块链单笔提现最低金额必须大于最低金额！",
  "1539": "当前域名状态错误！",
  "1540": "短信验证码不存在",
  "1541": "短信验证码重复发送。",
  "1542": "每天只能修改一次。",
  "1543": "福利不存在。",
  "1544": "促销不存在。",
  "1545": "促销订单不存在。",
  "1546": "加入促销次数限制。",
  "1547": "促销限绑定手机。",
  "1548": "绑定银行卡的促销限额。",
  "1549": "拒绝玩家错误。",
  "1550": "拒绝玩家等级。",
  "1551": "拒绝玩家标签。",
  "1552": "该场地不存在。",
  "1553": "当前不再红包雨活动时间内。",
  "1554": "促销加入配置规则错误。",
  "1555": "该玩家vip不存在。",
  "1556": "该玩家标签不存在。",
  "1557": "玩家存款不足",
  "1558": "玩家下注不够",
  "1559": "玩家没有足够的订单。",
  "1560": "存款，投注等不满足条件。",
  "1561": "玩家没有足够的订单。",
  "1562": "玩家索引未向上。",
  "1563": "未配置促销索引规则。",
  "1564": "未配置促销索引规则。",
  "1565": "促销索引规则配置错误。",
  "1566": "玩家存款不足",
  "1567": "玩家下注不够",
  "1568": "玩家没有足够的订单。",
  "1569": "促销标题已存在。",
  "1570": "促销排序号已存在。",
  "1571": "release_time早于演出开始时间。",
  "1572": "该指标未达到标准。",
  "1573": "促销奖品次数过多。",
  "1574": "该促销活动仅允许启用。",
  "1575": "促销订单存在。",
  "1576": "促销奖励配置不存在。",
  "1577": "release_time晚于演出结束时间。",
  "1584": "提现订单审核中，无法提交",
  "1586": "提现过快受限，请稍后重试",
  "1590": "当前没有可提现金额",
  "1651": "第三个 Api AG 错误",
  "1652": "未找到游戏用户名",
  "1653": "第三个 Api CQ9 错误",
  "1654": "游戏维护中",
  "1655": "第三个 Api JDB 错误",
  "1656": "第三个 Api KY 错误",
  "1657": "第三个 Api PM 错误",
  "1658": "第三个 Api BGFish 错误",
  "1659": "用户余额不足",
  "1701": "该投注项目无法投注，请稍等后再投注",
  "1801": "密码错误",
  "1802": "代理状态错误",
  "1803": "代理余额不足",
  "1804": "代理钱包不存在",
  "1805": "提现密码错误",
  "1806": "会员溢出拒绝",
  "1807": "返利金额不够",
  "1808": "代理人已签字",
  "1809": "不存在合约数据",
  "1810": "合同费率超出范围",
  "1811": "超级特工未签名",
  "1812": "合同数据存在",
  "1813": "总代理未签名",
  "1814": "资金不足",
  "1815": "特工级别错误",
  "1816": "现任代理人和调任代理人不能是同一人！",
  "1817": "转账代理不存在！",
  "1818": "当前代理不存在！",
  "1819": "当前经纪人与球员关系不存在！",
  "1820": "添加可用玩家数量非法",
  "1821": "可用玩家范围非法！",
  "1822": "费率必须是整数！",
  "1823": "合约未完成",
  "1824": "该站点未被禁用",
  "1825": "代理欠款，无法使用佣金钱包转账",
  "1826": "您输入的账号错误，请重新输入",
  "1827": "您输入的账号不合法，请联系客服",
  "1828": "The is not master",
  "1829": "代理管理列表查询异常",
  "1830": "代理管理详情查询异常",
  "1831": "代理游戏记录列表查询异常",
  "1832": "代理游戏记录详情查询异常",
  "1836": "代理提款存在未审核通过的订单",
  "2001": "体育赛事不存在",
  "2002": "运动数据错误",
  "2010": "沙巴订单 Api error",
  "2011": "执行失败",
  "2012": "赛事区间错误",
  "2013": "找不到该会员资料",
  "2014": "厂商注单号码重复",
  "2015": "SQL 执行错误",
  "2016": "球头已不存在",
  "2017": "赛事 ID 错误或是赛事已关闭",
  "2018": "赔率变更",
  "2019": "厂商标识符错误",
  "2020": "系统维护中",
  "2021": "超过最大或最小投注限额下注金额非整数",
  "2022": "赔率正在更新",
  "2023": "无效的客户IP",
  "2024": "余额不足",
  "2025": "超过单场投注限额",
  "2027": "赔率错误",
  "2028": "电子竞技的赛事状态改变",
  "2029": "未达串关最低场数限制",
  "2030": "串关错误",
  "2031": "非正规投注账号",
  "2032": "赛事比分改变",
  "2033": "赛事球头改变",
  "2034": "盘口暂时关闭",
  "2035": "盘口关闭",
  "2036": "体育项目 ID 错误",
  "2037": "会员账号已关闭",
  "2039": "串的张数越多时,最大投注限额越来越小,最终小于最小投注限额,建议减少串关数量",
  "2040": "超过最多可串关数量最多仅支持串 20 场",
  "2043": "单一钱包不支持较差赔率",
  "2046": "串关限制",
  "2047": "无可使用的串关组合",
  "2048": "超过单场最高派彩",
  "2050": "沙巴订单 Api error",
  "2051": "执行失败",
  "2052": "赛事区间错误",
  "2053": "找不到该会员资料",
  "2055": "SQL 执行错误",
  "2056": "赛事已关闭",
  "2057": "赛事 ID 错误或是赛事已关闭",
  "2059": "厂商标识符错误",
  "2060": "系统维护中",
  "2062": "1 分鐘內傳入 3 次同樣的version_key",
  "2063": "厂商会员的 IP 不合法",
  "2091": "下注成功，等待三方确认！",
  "2090": "The Saba Order Item Not Exist",
  "2092": "The Saba Order Not Exist",
  "2093": "沙巴订单下注失败",
  "2094": "The Saba Order Exist",
  "2095": "The Saba Outright Data Not Exist",
  "2096": "The Saba Market Data Not Exist",
  "2097": "The Saba Event Data Not Exist",
  "2099": "The IM Api error",
  "3001": "The status of the task order error",
  "3002": "The  task list not exists",
  "3003": "The  task  not exists",
  "3004": "The  task  more than one",
  "3005": "The  task  not exists",
  "3006": "The  task record  already exists",
  "3007": "The TaskGroup is null",
  "3008": "Nothing to update",
  "3009": "请绑定银行卡",
  "3010": "未绑定手机号，请联系在线客服",
  "3011": "明日才能领取红包",
  "3012": "累计存款不足",
  "3013": "累计有效投注不足",
  "3014": "单笔存款不足",
  "3015": "单笔有效投注不足",
  "3016": "红包雨活动已结束",
  "3017": "更新站点任务组失败",
  "3018": "新增站点系列失败",
  "3019": "新增站点条目失败",
  "3020": "新增站点任务体育失败",
  "3024": "不符合红包领取条件",
  "3021": "启用站点任务组失败，条目尚未启用",
  "3022": "启用站点任务组失败，查无此站点任务组",
  "3023": "停用站点任务组失败，查无此站点任务组",
  "3025": "待瓜分红包金额不存在",
  "3026": "红包总金额已经瓜分完毕",
  "3027": "当前红包雨还未开启",
  "3028": "当前红包雨已经结束",
  "3029": "当前红包雨领取次数已经用完",
  "3030": "启用站点任务组失败，条目有其他组合使用中。",
  "3031": "启用站点任务组失败，此站点任务组状态异常",
  "3032": "下放站点任务失败，异常重复下放相同任务至站点。",
  "3301": "无效设备",
  "3302": "钱包不存在",
  "3303": "虚拟币设备不存在",
  "3304": "禁用状态无法修改",
  "3401": "存款通道不可用，请选择其他存款通道",
  "3406": "操作失败，稍后再试"
}