{
  "skeleton": {
    "hash": "wGdikcUQhHFeTUPMk40oNTmd42I",
    "spine": "3.6.52",
    "width": 274.5,
    "height": 144
  },
  "bones": [
    {
      "name": "root"
    },
    {
      "name": "bone",
      "parent": "root",
      "x": -38.5,
      "y": -0.7
    }
  ],
  "slots": [
    {
      "name": "5g_tgzq",
      "bone": "root",
      "attachment": "5g_tgzq"
    },
    {
      "name": "00",
      "bone": "bone",
      "attachment": "08",
      "blend": "additive"
    }
  ],
  "skins": {
    "default": {
      "00": {
        "00": {
          "width": 253,
          "height": 144
        },
        "01": {
          "width": 253,
          "height": 144
        },
        "02": {
          "width": 253,
          "height": 144
        },
        "03": {
          "width": 253,
          "height": 144
        },
        "04": {
          "width": 253,
          "height": 144
        },
        "05": {
          "width": 253,
          "height": 144
        },
        "06": {
          "width": 253,
          "height": 144
        },
        "07": {
          "width": 253,
          "height": 144
        },
        "08": {
          "width": 253,
          "height": 144
        }
      },
      "5g_tgzq": {
        "5g_tgzq": {
          "width": 219,
          "height": 72
        }
      }
    }
  },
  "animations": {
    "loop": {
      "slots": {
        "00": {
          "attachment": [
            {
              "time": 0,
              "name": "00"
            },
            {
              "time": 0.1,
              "name": "01"
            },
            {
              "time": 0.2,
              "name": "02"
            },
            {
              "time": 0.3,
              "name": "03"
            },
            {
              "time": 0.4,
              "name": "04"
            },
            {
              "time": 0.5,
              "name": "05"
            },
            {
              "time": 0.6,
              "name": "06"
            },
            {
              "time": 0.7,
              "name": "07"
            },
            {
              "time": 0.8,
              "name": "08"
            },
            {
              "time": 0.9,
              "name": "00"
            }
          ]
        }
      },
      "bones": {
        "bone": {
          "translate": [
            {
              "time": 0,
              "x": 4.02,
              "y": 1.72,
              "curve": "stepped"
            },
            {
              "time": 0.3,
              "x": 4.02,
              "y": 1.15,
              "curve": "stepped"
            },
            {
              "time": 0.4,
              "x": 4.02,
              "y": 1.15,
              "curve": "stepped"
            },
            {
              "time": 0.5,
              "x": 4.02,
              "y": 0.57
            }
          ],
          "scale": [
            {
              "time": 0,
              "x": 0.691,
              "y": 0.738
            }
          ]
        }
      }
    }
  }
}