{
  "-1": "please try again later！",
  "-2": "token失效",
  "614": "存款余额不足",
  "9999": "Server error",
  "0000": "Success",
  "9001": "Illegal request",
  "9002": "Session Expired",
  "9003": "Parameter is illegal",
  "9004": "Parameter is empty",
  "9005": "There is already exists",
  "9006": "The query result does not exist",
  "9007": "Repeat request error",
  "9008": "Request expired",
  "9009": "The captcha error",
  "9010": "The sign error",
  "9011": "Illegal data error",
  "9012": "Illegal domain error",
  "9013": "Expired domain error",
  "9014": "Parameter is empty",
  "9015": "The System Is Busy, Please Try Again Later.",
  "9016": "Cannot resubmit application！",
  "9017": "The player wallet not get the lock",
  "9018": "Error, Please contact administrator!",
  "9019": "The account login in on other devices",
  "9020": "Illegal user, different from the user in the previous stage",
  "9021": "Illegal user",
  "9023": "agent Id error",
  "9500": "The order not exist",
  "9501": "The Bet error",
  "9502": "The Submit error",
  "9503": "The Order user can't found in system.",
  "9504": "The Order player account can't found in system.",
  "9505": "This order cannot be settled in advance",
  "9506": "The Query error",
  "1000": "The Username or password  error",
  "1001": "Build exist",
  "1002": "The balance not enough",
  "1003": "The player wallet not exist error",
  "1004": "The player not exist error",
  "1005": "The bank card not exist",
  "1006": "The  password  error",
  "1007": "The superior account not exist error",
  "1008": "The user vip level error",
  "1009": "The player game username in IM game not exist error",
  "1010": "The player status error",
  "1011": "Agent has been activated！",
  "1012": "The background has received the application and is in the process of approval！",
  "1013": "The bankcard upper limit",
  "1014": "The blockchain upper limit",
  "1015": "The player register error",
  "1016": "The player username exist error",
  "1017": "The bankcard bind error",
  "1018": "The address bind error",
  "1019": "The player's last game was still being settled, please try again later",
  "1020": "The settlement of the player's game venue has not been completed, please try again after 1-5 minutes",
  "1021": "The player balance change locked",
  "1022": "The player balance update error",
  "1023": "The mobile number is invalid, please try again",
  "1026": "The bank card blocked",
  "1027": "The account type not allow.",
  "1028": "Register InviteCode Error",
  "1101": "The Player not join in the chatroom",
  "1102": "The message not exist",
  "1103": "The Message send too quick",
  "1112": "The file is not support",
  "1201": "The sport events not exist",
  "1202": "The sport Data error",
  "1203": "The IM Api error",
  "1204": "The Saba Api error",
  "1205": "The Saba Event Data Not Exist",
  "1206": "The Saba Market Data Not Exist",
  "1207": "The Saba Outright Data Not Exist",
  "1301": "The sport quota result not exist",
  "1401": "The illegal order",
  "1402": "The channel not exist",
  "1403": "The amount is illegal",
  "1404": "The site payment channel not exist",
  "1405": "The template not exist",
  "1406": "The channel don't have param error",
  "1407": "The channel response not exist",
  "1408": "The response is illegal",
  "1409": "url for browser",
  "1410": "withdraw error",
  "1411": "The bank not exist",
  "1412": "The channel param not exist",
  "1413": "The Payment category not exist",
  "1414": "The exchange rate not exist",
  "1415": "The withdraw times limit",
  "1416": "The withdraw maximum balance limit",
  "1417": "The withdraw minimum balance limit ",
  "1418": "The withdraw once maximum balance limit ",
  "1419": "The withdraw rule not exist",
  "1501": "The site is illegal",
  "1502": "The site vip not exist",
  "1503": "The parameter {} is illegal",
  "1504": "The VipGrade Data Cannot Be Deleted!",
  "1505": "The site not exist",
  "1506": "The moveOperate is illegal",
  "1507": "The notify type is illegal",
  "1508": "The discount not exist",
  "1509": "The vipGrade【{},{}】，parameter【{}】is illegal！",
  "1510": "Agent Account Already Exists！",
  "1511": "The Master Agent Level Is Not Configured！",
  "1512": "The Agent Is Not Exists！",
  "1513": "The Agent Is Not Bound To Contract！",
  "1514": "The agent is at the lowest level, cannot create subordinate agent！",
  "1515": "The Agent Level Is Not Configured！",
  "1516": "The agent account already exists！",
  "1517": "This player record is under review！",
  "1518": "Data has not changed！",
  "1519": "Operation failed, player and agent must be on the same site!",
  "1520": "Apply failed, cannot submit application again!",
  "1521": "The Agent Not Signed！",
  "1522": "The Player is Not The Same Site As The Agent！",
  "1523": "Please enter 2 to 10 characters！",
  "1524": "You must select one upgrade condition！",
  "1525": "start time is earlier than end time！",
  "1526": "The app publish not exist",
  "1527": "Illegal state",
  "1528": "The app publish version exist",
  "1529": "The app publish version too low",
  "1530": "The exchange rate not exist",
  "1531": "The bank card not exist",
  "1532": "The address not exit",
  "1533": "The start time needs to be in the shelf time！",
  "1534": "Please upload a picture！",
  "1535": "The sms code error",
  "1536": "Operation Failed，The order status has changed, please refresh and try again！",
  "1537": "Operation Failed，The bank card Single withdraw lowest Amount must greater than lowest Amount！",
  "1538": "Operation Failed，The blockchain single withdraw lowest amount must greater than lowest Amount！",
  "1539": "current domain wrong status！",
  "1540": "The sms code is not exist",
  "1541": "The sms code repeat send.",
  "1542": "Can only be modified once a day.",
  "1543": "The Welfare not exist.",
  "1544": "The promo not exist.",
  "1545": "The promo order not exist.",
  "1546": "Join promo times limit error.",
  "1547": "The promo limit binding phone.",
  "1548": "The promo limit binding bankcard.",
  "1549": "The deny player error.",
  "1550": "The deny player grade error.",
  "1551": "The deny player label error.",
  "1552": "The venue not exist.",
  "1553": "The promo join config is error.",
  "1554": "The promo join config rules is error.",
  "1555": "The player vip not exist.",
  "1556": "The player label not exist.",
  "1557": "The player deposit not enough error",
  "1558": "The player bet not enough error",
  "1559": "The player don't have enough order error.",
  "1560": "The promo join check failed.",
  "1561": "The player don't have enough order error.",
  "1562": "The player index not up error.",
  "1563": "The promo index rules is not configured.",
  "1564": "The promo index @user is not configured.",
  "1565": "The promo index rules config is error.",
  "1566": "The player deposit not enough error",
  "1567": "The player bet not enough error",
  "1568": "The player don't have enough order error.",
  "1569": "The promo title is existed.",
  "1570": "The promo sort number is existed.",
  "1571": "The release_time earlier than show begin time.",
  "1572": "The index not not up to standard error.",
  "1573": "The promo prize is too many times.",
  "1574": "The promo only one allow enable.",
  "1575": "The promo order exist.",
  "1576": "The promo award config not exist.",
  "1577": "The release_time later than show end time.",
  "1584": "the invoice repeat error.",
  "1586": "withdraw too fast limit try again later",
  "1590": "当前没有可提现金额",
  "1651": "The third Api AG error",
  "1652": "Game username not found",
  "1653": "The third Api CQ9 error",
  "1654": "Game under maintenance",
  "1655": "The third Api JDB error",
  "1656": "The third Api KY error",
  "1657": "The third Api PM error",
  "1658": "The third Api BGFish error",
  "1659": "The user balance not enough",
  "1701": "This betting item cannot be bet, please wait a moment before betting",
  "1801": "The password error",
  "1802": "The agent status error",
  "1803": "The agent balance not enough error",
  "1804": "The Agent wallet not exist",
  "1805": "The withdraw password error",
  "1806": "The player overflow reject error",
  "1807": "The rebate amount not enough error",
  "1808": "Agent has signed",
  "1809": "No contract data exists",
  "1810": "Contract rate is out of range",
  "1811": "Super Agent Not signed",
  "1812": "Contract data exists",
  "1813": "Master Agent Not signed",
  "1814": "Not sufficient funds",
  "1815": "The Agent Level Error",
  "1816": "The current agent and the transferred agent cannot be the same!",
  "1817": "The transfer agent is not exists！",
  "1818": "The current agent is not exists！",
  "1819": "The current agent and player relationship does not exist！",
  "1820": "The add available player count is illegal",
  "1821": "The available player range Illegal！",
  "1822": "Rate must be an integer！",
  "1823": "The contract is not completed",
  "1824": "The site is not disabled",
  "1825": "代理欠款，无法使用佣金钱包转账",
  "1826": "您输入的账号错误，请重新输入",
  "1827": "您输入的账号不合法，请联系客服",
  "1828": "The is not master",
  "1829": "代理管理列表查询异常",
  "1830": "代理管理详情查询异常",
  "1831": "代理游戏记录列表查询异常",
  "1832": "代理游戏记录详情查询异常",
  "1836": "代理提款存在未审核通过的订单",
  "2001": "The sport events not exist",
  "2002": "The sport Data error",
  "2010": "The Saba Order Api error",
  "2011": "执行失败",
  "2012": "赛事区间错误",
  "2013": "找不到该会员资料",
  "2014": "厂商注单号码重复",
  "2015": "SQL 执行错误",
  "2016": "球头已不存在",
  "2017": "赛事 ID 错误或是赛事已关闭",
  "2018": "赔率变更",
  "2019": "厂商标识符错误",
  "2020": "系统维护中",
  "2021": "超过最大或最小投注限额下注金额非整数",
  "2022": "赔率正在更新",
  "2023": "无效的客户IP",
  "2024": "余额不足",
  "2025": "超过单场投注限额",
  "2027": "赔率错误",
  "2028": "电子竞技的赛事状态改变",
  "2029": "未达串关最低场数限制",
  "2030": "串关错误",
  "2031": "非正规投注账号",
  "2032": "赛事比分改变",
  "2033": "赛事球头改变",
  "2034": "盘口暂时关闭",
  "2035": "盘口关闭",
  "2036": "体育项目 ID 错误",
  "2037": "会员账号已关闭",
  "2039": "串的张数越多时,最大投注限额越来越小,最终小于最小投注限额,建议减少串关数量",
  "2040": "超过最多可串关数量最多仅支持串 20 场",
  "2043": "单一钱包不支持较差赔率",
  "2046": "串关限制",
  "2047": "无可使用的串关组合",
  "2048": "超过单场最高派彩",
  "2050": "The Saba Order Api error",
  "2051": "执行失败",
  "2052": "赛事区间错误",
  "2053": "找不到该会员资料",
  "2055": "SQL 执行错误",
  "2056": "赛事已关闭",
  "2057": "赛事 ID 错误或是赛事已关闭",
  "2059": "厂商标识符错误",
  "2060": "系统维护中",
  "2062": "1 分鐘內傳入 3 次同樣的version_key",
  "2063": "厂商会员的 IP 不合法",
  "2091": "下注成功，等待三方确认！",
  "2090": "The Saba Order Item Not Exist",
  "2092": "The Saba Order Not Exist",
  "2093": "沙巴订单下注失败",
  "2094": "The Saba Order Exist",
  "2095": "The Saba Outright Data Not Exist",
  "2096": "The Saba Market Data Not Exist",
  "2097": "The Saba Event Data Not Exist",
  "2099": "The IM Api error",
  "3001": "The status of the task order error",
  "3002": "The  task list not exists",
  "3003": "The  task  not exists",
  "3004": "The  task  more than one",
  "3005": "The  task  not exists",
  "3006": "The  task record  already exists",
  "3007": "The TaskGroup is null",
  "3008": "Nothing to update",
  "3009": "请绑定银行卡",
  "3010": "请绑定手机号",
  "3011": "明日才能领取红包",
  "3012": "累计存款不足",
  "3013": "累计有效投注不足",
  "3014": "单笔存款不足",
  "3015": "单笔有效投注不足",
  "3016": "红包雨活动已结束",
  "3017": "更新站点任务组失败",
  "3018": "新增站点系列失败",
  "3019": "新增站点条目失败",
  "3020": "新增站点任务体育失败",
  "3024": "不符合红包领取条件",
  "3021": "启用站点任务组失败，条目尚未启用",
  "3022": "启用站点任务组失败，查无此站点任务组",
  "3023": "停用站点任务组失败，查无此站点任务组",
  "3025": "待瓜分红包金额不存在",
  "3026": "红包总金额已经瓜分完毕",
  "3027": "当前红包雨还未开启",
  "3028": "当前红包雨已经结束",
  "3029": "当前红包雨领取次数已经用完",
  "3030": "启用站点任务组失败，条目有其他组合使用中。",
  "3031": "启用站点任务组失败，此站点任务组状态异常",
  "3032": "下放站点任务失败，异常重复下放相同任务至站点。",
  "3301": "The illegal device",
  "3302": "The wallet not exists",
  "3303": "The blockchain device not exists",
  "3304": "Disabled status cannot be modified",
  "3401": "The channel error",
  "3406": "The request error"
}