{
  "0000": "Thành công",
  "0001": "Thất bại",
  "0002": "Lưu ý",
  "0003": "Hủy",
  "0004": "Xác nhận",
  "0005": "Tôi hiểu rồi",
  "0006": "Đã sao chép",
  "0007": "Tạm thời không có",
  "0008": "Không lấy được tệp cấu hình mã hóa ISO quốc gia",
  "0009": "Không nhận được tập tin cấu hình, xin vui lòng mở lại app",
  "0010": "Không nhận được cấu hình giao diện config",
  "0011": "Mã xác thực an toàn thất bại, xin vui lòng thử lại",
  "0012": "Đang tải...",
  "0013": "Đang tải",
  "0014": "token thất bại！",
  "0015": "Mạng bị tắt nghẽn, xin vui lòng thử lại sau!",
  "0016": "Trang bị mất kết nối, xin vui lòng nhấn làm mới",
  "0017": "Nhiều nội dung hơn",
  "0018": "Kéo xuống để làm mới",
  "0019": "Tải hoàn tất",
  "0020": "Tải thất bại",
  "0021": "Buông lỏng, bắt đầu tải",
  "0022": "Buông lỏng, tải nhiều hơn",
  "0023": "Tạm thời không có số liệu",
  "0024": "Mạng không ổn định",
  "0025": "Nhấn làm mới",
  "0026": "Xin vui lòng đợi!",
  "0027": "Trang đang được sửa đổi",
  "0028": "Đăng nhập vào thiết bị mới",
  "0029": "Đối thoại đã quá hạn",
  "0030": "Đăng nhập vào thiết bị mới",
  "0031": "Chưa đăng nhập",
  "0032": "Những nội dung đặc sắc đang chờ quý khách trải nghiệm, hãy đăng nhập ngay!",
  "0033": "Tài khoản của bạn đã đăng nhập vào một thiết bị khác, xin vui lòng đăng nhập lại!",
  "0034": "Ứng dụng cần cập nhật sau đó khởi động lại",
  "0035": "Khởi động lại ngay lập tức({count}s)",
  "0036": "Truy cập bị hạn chế",
  "0037": "Khu vực của quý khách bị cấm truy cập các dịch vụ của chúng tôi, nếu có thắc mắc vui lòng liên hệ CSKH 24/7 của chúng tôi",
  "0038": "IP của quý khách：{ip}",
  "0039": "Bảo trì toàn bộ",
  "0040": "Nhà đài đang trong quá trình bảo trì",
  "0041": "Thời gian bảo trì đến {time}",
  "0042": "Trở về",
  "0043": "Đường truyền internet bất thường, vui lòng thử lại sau",
  "0044": "Khởi động lại",
  "0045": "Hết thời gian kết nối",
  "0046": "Có thể do đường truyền mạng không ổn định dẫn đến trang của quý khách không nhận được tín hiệu. Xin vui lòng thử lại sau",
  "0047": "Xin vui lòng đóng ứng dụng và mở lại",
  "0048": "Không hiện lại ngày hôm nay",
  "0049": "Chăm sóc khách hàng đã thay đổi mật khẩu đăng nhập",
  "0050": "Thiết lập lại mật khẩu đăng nhập？",
  "0100": "Lượt qua",
  "0101": "Trải nghiệm ngay",
  "0103": "Trung tâm phúc lợi có nhiều ưu đãi bất ngờ",
  "0104": "Có nhiều cấp VIP,  mỗi tháng đều có phúc lợi,  mỗi ngày có bất ngờ",
  "0105": "Phúc lợi thăng cấp, mỗi tháng có lì xì,  mừng sinh nhật,  quà tặng độc quyền",
  "0107": "Trận đấu được phát trực tiếp và có thể trò chuyện với mọi người",
  "0108": "Số liệu được phân  tích theo thời gian thực, giúp quý khách dễ dàng đặt cược",
  "0109": "Bóng đá Bóng rổ Quần vợt Bóng chày",
  "0111": "Cược bóng giữa trận được xác nhận nhanh chóng, kết toán hiệu quả cao",
  "0112": "Chơi cược thể thao, cược bóng giữa trận xác nhận nhanh chóng, kết toán hiệu quả cao",
  "0113": "InPlay Today Early Parley Champion",
  "0115": "Rút khoản tiền triệu tới tài khoản cá nhân ngay lập tức",
  "0116": "Tiền bạc luôn được đảm bảo an toàn, nạp tiền tiện lợi nhanh chóng",
  "0117": "Alipay Wechat UnionPay USDT",
  "0118": "Cuộc thi",
  "0119": "Trò chơi",
  "0120": "Đang thi đấu",
  "0121": "Lịch sử",
  "0122": "Của tôi",
  "0123": "Ưu đãi",
  "0124": "Người phát sóng trực tiếp",
  "0125": "Quảng trường",
  "0126": "Tổng hợp",
  "0127": "Đại lý",
  "0128": "Trong giai đoạn phát triển",
  "0129": "Cuộc thi",
  "0130": "Đăng nhập",
  "0131": "Đăng ký",
  "0132": "Xin vui lòng nhập tên tài khoản",
  "0133": "Phải dùng 6-15 ký tự và chữ số tạo thành, không được dùng ký tự đặc biệt",
  "0134": "Xin vui lòng nhập mật khẩu",
  "0135": "Vui lòng nhập 6~15 ký tự",
  "0136": "Tổ hợp gồm chữ cái và số, không bao gồm ký tự đặc biệt",
  "0137": "Ít nhất 3 ký tự khác nhau",
  "0138": "Vui lòng bảo quản kỹ mật khẩu của quý khách, tránh lộ ra ngoài gây ra tổn thất.",
  "0139": "Vui lòng nhập lại mật khẩu",
  "0140": "Hai lần nhập mật khẩu không trùng khớp với nhau",
  "0141": "Xin vui lòng nhập 8 số mã giới thiệu",
  "0142": "Xin vui lòng nhập 8 số mã giới thiệu (không bắt buộc)",
  "0143": "Xin vui lòng nhập mã giới thiệu",
  "0144": "Xin vui lòng chọn loại tiền tệ",
  "0145": "Xin vui lòng chọn ngôn ngữ",
  "0146": "Tôi đã đủ 18 tuổi , đã đọc và đồng ý",
  "0147": "Thỏa thuận của người chơi",
  "0148": "Tạo tài khoản",
  "0149": "Đăng ký thành công",
  "0150": "Đăng nhập mật khẩu tài khoản",
  "0151": "Quên mật khẩu",
  "0152": "Ghi nhớ mật khẩu",
  "0153": "Ra ngoài đi dạo một chút?",
  "0154": "Điện thoại đăng nhập nhanh",
  "0155": "Ghi nhớ số điện thoại",
  "0156": "Mã xác nhận",
  "0157": "Nhận mã xác nhận OTP",
  "0158": "Đã gửi mã xác thực thành công",
  "0159": "Gửi lại mã mới",
  "0160": "{second}s",
  "0161": "Vui lòng nhập mã xác nhận",
  "0162": "Xin vui lòng nhập chính xác 5 số của mã xác thực",
  "0163": "Dùng số điện thoại để đăng nhập",
  "0164": "Dùng tên tài khoản để đăng nhập",
  "0165": "đặt lại mật khẩu",
  "0166": "Xin vui lòng nhập mật khẩu mới",
  "0167": "Xin vui lòng nhập số điện thoại",
  "0168": "Bước tiếp theo",
  "0169": "Xác nhận gửi",
  "0170": "Xin vui lòng nhập đúng mã xác nhận",
  "0171": "Đặt lại mật khẩu thành công",
  "0172": "Xin vui lòng nhập chính xác số điện thoại",
  "0173": "CSKH",
  "0174": "ngày bạn chọn",
  "0175": "ngày bắt đầu",
  "0176": "ngày kết thúc",
  "0177": "Hệ thống hiện tại hỗ trợ truy vấn hồ sơ {max} ngày qua",
  "0178": "Hệ thống hiện tại hỗ trợ truy vấn hồ sơ với thời gian tối đa là {max} ngày",
  "0179": "đến",
  "0180": "Hôm nay",
  "0181": "Hôm qua",
  "0182": "ngày hôm kia",
  "0183": "3 ngày qua",
  "0184": "7 ngày qua",
  "0185": "30 ngày qua",
  "0186": "tháng này",
  "0187": "tháng trước",
  "0188": "2 tháng qua",
  "0189": "3 tháng qua",
  "0190": "6 tháng qua",
  "0191": "gần 1 năm",
  "0500": "Xác nhận muốn thoát game？",
  "0501": "Tạm thời không khả dụng",
  "0502": "Tiền hoàn trả",
  "0503": "Bắt Đầu",
  "0504": "Lịch sử tìm kiếm",
  "0505": "Vui lòng nhập tên trò chơi",
  "0506": "HOT",
  "0507": "Gần đây",
  "0508": "Lưu trữ",
  "0509": "Trò chơi đang bảo trì",
  "0510": "Tạm thời không hỗ trợ các đồng tiền khác",
  "0511": "Xin chuyển đổi ví tiền chính thành đồng nhân dân tệ {fiat}",
  "0512": "Mã số đơn đặt cược",
  "0513": "Số bàn cược",
  "0514": "Cược",
  "0515": "Cược hợp lệ",
  "0516": "Mã số đơn đặt cược đã được sao chép đến bộ nhớ tạm thời",
  "0517": "Tiền cược：{betAmount}",
  "0518": "{count}đơn",
  "0519": "Tổng cộng(đơn) {count}",
  "0520": "Tiền cược {betAmount}",
  "0521": "Thắng thua {win}",
  "0522": "Bộ sưu tập của tôi",
  "0523": "Toàn bộ",
  "0525": "Thể thao",
  "0526": "Casino",
  "0527": "Bài",
  "0528": "Trò chơi",
  "0529": "Điện tử",
  "0530": "Câu cá",
  "0531": "Xổ số",
  "0532": "YH",
  "0533": "AsiaGaming",
  "0534": "AsiaGaming",
  "0535": "BG",
  "0536": "BBIN",
  "0537": "EVO",
  "0538": "KY",
  "0539": "JDB",
  "0540": "CQ9",
  "0541": "JDB",
  "0542": "DG",
  "0543": "WE",
  "0544": "SABA",
  "0545": "MicroGaming",
  "0546": "FunGaming",
  "0547": "FunGaming",
  "0548": "FunGaming",
  "0549": "NW",
  "0550": "Pocket Games",
  "0551": "MT",
  "0552": "MT",
  "0553": "MT",
  "0554": "LEGaming",
  "0555": "LEGaming",
  "0556": "LEGaming",
  "0557": "CR",
  "0558": "BBIN",
  "0559": "BBIN",
  "0560": "DB",
  "0561": "BBIN",
  "0562": "HZ",
  "0563": "FB",
  "0564": "BG",
  "0565": "SABA Sports",
  "0566": "TY",
  "0567": "TY",
  "0568": "TY",
  "0569": "YGR",
  "0570": "YH Sports",
  "0571": "BS",
  "0572": "BS",
  "0573": "BS",
  "0574": "YGR",
  "0575": "SY",
  "0576": "VG",
  "0577": "VG",
  "0578": "VG",
  "0579": "TG",
  "0580": "TG",
  "0581": "TG",
  "0582": "IG",
  "0583": "SY",
  "0584": "AsiaGaming",
  "1000": "Số trận đấu không đủ, không để cược xiên bóng (ít nhất cần {count} loại tổ hợp)",
  "1001": "Số tiền đặt cược vượt qua giới hạn cược cho phép",
  "1002": "Gửi thành công",
  "1003": "Quý khách có những trận không thích hợp để cược xiên bóng",
  "1004": "Số tiền cược",
  "1005": "Có thể thắng",
  "1006": "Tổng {count} trận",
  "1007": "Tiếp tục đặt cược trận này",
  "1009": "Đặt cược lại trận này",
  "1010": "Tham gia xiên bóng",
  "1011": "Không hỗ trợ xiên bóng",
  "1012": "Tổng số tiền đặt cược",
  "1013": "Tiền có thể thắng",
  "1014": "Trận đấu này không hỗ trợ xiên bóng",
  "1015": "Trận cược đã đóng",
  "1016": "Trạng thái trận đấu có thay đổi, đang khóa cược",
  "1017": "Tỉ lệ bồi thường đã thay đổi",
  "1018": "Hạn mức",
  "1019": "cược",
  "1020": "Vốn",
  "1021": "Cược một trận",
  "1022": "Cược xiên",
  "1023": "Cược thành công",
  "1024": "Cược thất bại",
  "1025": "Đã thêm vào cược xiên",
  "1026": "Tỉ lệ bồi thường, trận cược hoặc thông tin đã thay đổi",
  "1027": "Số dư trong ví không đủ, xin vui lòng nạp thêm",
  "1028": "Tìm kiếm thông tin trận thất bại",
  "1029": "Nhấn để trò chuyện",
  "1030": "Xin vui lòng nạp tiền trước!",
  "1031": "Hướng lên để thu thập dữ liệu trò chuyện",
  "1032": "Hướng xuống để thu thập dữ liệu trò chuyện",
  "1033": "Phòng chat",
  "1034": "Không được phát quảng cáo hoặc lừa gạt, người nào vi phạm sẽ bị khóa tài khoản",
  "1035": "Cần nạp tiền trước khi chat",
  "1036": "Có nhiều thông tin hơn nữa",
  "1037": "Tạm thời không có trận đấu nào",
  "1038": "HT",
  "1039": "FT",
  "1040": "Đang tiến hành",
  "1042": "Trận",
  "1043": "Ván",
  "1044": "G{n}",
  "1045": "S{n}",
  "1046": "Ra khỏi ván này",
  "1047": "Chưa mở trận đấu",
  "1048": "Số ván",
  "1049": "Số trận",
  "1050": "Ván này",
  "1051": "Tổng điểm",
  "1052": "Lần thứ {count} lỗi yêu cầu mạng, {msg}",
  "1053": "Lần thứ {count} lỗi yêu cầu mạng, số liệu trả về là không",
  "1054": "Trận đấu này đã kết thúc hoặc tạm thời không thể vào cược, xin vui lòng đợi hoặc chọn trận đấu khác",
  "1055": "H1",
  "1056": "Tạm không có phát trực tiếp",
  "1060": "HT",
  "1061": "FT",
  "1062": "Nhiều {sportName} trận đấu hơn",
  "1064": "Tỉ số toàn trận",
  "1065": "Tỉ số nửa trận",
  "1066": "Hòa",
  "1067": "Thua",
  "1068": "Thua một nửa",
  "1069": "Thắng",
  "1070": "Thắng một nửa",
  "1071": "Kết toán trước",
  "1072": "Hiệp thứ {period}",
  "1073": "Trận có biến động, không thể theo cược",
  "1074": "Số liệu bất thường, không thể theo cược",
  "1075": "HDP",
  "1076": "HDP",
  "1077": "HDP",
  "1078": "O/U",
  "1079": "1x2",
  "1080": "1x2",
  "1081": "1x2",
  "1082": "1x2",
  "1083": "Một trận",
  "1084": "Số tiền đặt cược",
  "1085": "Thời gian đặt cược",
  "1086": "Chi tiết cá cược",
  "1087": "Các trận cược",
  "1088": "Cách cược",
  "1089": "Tỉ lệ bồi thường",
  "1090": "Thời khắc cược",
  "1091": "Tỉ số lúc cược",
  "1092": "Thuộc liên đoàn",
  "1093": "Đội hình trận đấu",
  "1094": "Thời gian thi đấu",
  "1095": "Kết quả trận đấu",
  "1096": "Có muốn kết toán trước {currency} {buyBackPricing}?",
  "1097": "Trận này đã kết toán thành công {currency} {buyBackPricing}?",
  "1098": "Tiền kết toán thực tế sẽ dựa vào thời gian hiện tại làm chuẩn",
  "1099": "Xin đối chiếu lịch sử số dư",
  "1100": "Thu tiền",
  "1101": "Cao nhất có thể thắng",
  "1102": "Thời gian trận đầu",
  "1104": "Phản hồi",
  "1105": "Theo đơn",
  "1106": "Chỉ có thể cược đơn có tiền cược nhiều hơn 100",
  "1107": "Phản hồi của người khác",
  "1108": "Mã số đơn cược",
  "1110": "Tiền kết toán trước đã bao gồm vốn cược",
  "1111": "Kết quả trận đấu",
  "1112": "Thời gian bắt đầu trận đấu",
  "1113": "Chọn toàn bộ",
  "1114": "Bỏ chọn",
  "1115": "Đã chọn",
  "1116": "trận liên đoàn",
  "1117": "Nhiều nhất có thể chọn 10 hạng mục",
  "1118": "Đã hoàn khoản",
  "1119": "Đã xác nhận",
  "1120": "Đã hủy",
  "1121": "Đang chờ xử lý",
  "1122": "Đã từ chối",
  "1123": "Đã bỏ",
  "1124": "Chưa kết toán",
  "1125": "Đã kết toán",
  "1126": "O",
  "1127": "U",
  "1128": "H",
  "1129": "A",
  "1130": "D",
  "1131": "Follow",
  "1133": "Soccer",
  "1134": "Basketball",
  "1135": "Tennis",
  "1136": "Volleyball",
  "1137": "PingPong",
  "1138": "Badminton",
  "1139": "Baseball",
  "1140": "Cricket",
  "1141": "Football",
  "1142": "Detail",
  "1143": "Today",
  "1144": "InPlay",
  "1145": "Early",
  "1146": "Parlay",
  "1147": "Champion",
  "1148": "InPlay",
  "1149": "Today",
  "1150": "Special",
  "1151": "Popular",
  "1152": "Other",
  "1153": "League",
  "1154": "Time",
  "1155": "Malay Odds",
  "1156": "Hong Kong Odds",
  "1157": "Euro Odds",
  "1158": "Indo Odds",
  "1159": "Usa Odds",
  "1160": "Xóa thành công",
  "1161": "Chi tiết cuộc thi",
  "1162": "Mạng bị tắt nghẽn, xin vui lòng thử lại！",
  "1163": "Nhấn làm mới sau giây lát！",
  "1164": "Nhấn làm mới({count})",
  "1500": "Xin chào quý khách, xin vui lòng đăng nhập/đăng ký",
  "1501": "Trung tâm phúc lợi",
  "1502": "Tài sản",
  "1503": "VIP",
  "1504": "Nạp tiền",
  "1505": "Rút tiền",
  "1506": "Tính năng thường sử dụng",
  "1507": "Trung tâm đại lý",
  "1508": "Trung tâm bảo mật",
  "1509": "Tiền hoàn trả trong game",
  "1510": "Hoạt động khuyến mãi",
  "1511": "Quảng cáo kiếm tiền",
  "1512": "Lịch sử giao dịch",
  "1513": "Lịch sử đặt cược",
  "1514": "Quản lý thẻ ngân hàng",
  "1515": "Quản lý địa chỉ",
  "1516": "Hợp tác kinh doanh",
  "1517": "Liên quan đến thể thao",
  "1518": "Cài đặt trận đấu",
  "1519": "Trung tâm hỗ trợ",
  "1520": "Cài đặt hệ thống",
  "1521": "Cài đặt rung",
  "1522": "Thay đổi ngôn ngữ",
  "1523": "Thay đổi múi giờ",
  "1524": "Chế độ chủ đề",
  "1525": "ngày",
  "1526": "đêm",
  "1527": "tự động",
  "1528": "Thông tin thiết bị",
  "1529": "Trung tâm phục vụ",
  "1530": "Phản hồi góp ý",
  "1531": "Phiên bản thử nghiệm",
  "1532": "Xóa bộ nhớ cache",
  "1533": "Xác nhận muốn xóa bộ nhớ cache？",
  "1534": "Về chúng tôi",
  "1535": "Đăng xuất",
  "1536": "Xác nhận muốn đăng xuất？",
  "1537": "Vui lòng chọn hình đại diện mặc định",
  "1538": "Đăng nhập lần trước",
  "1539": "Thông tin cá nhân",
  "1540": "Sửa đổi mật khẩu đăng nhập",
  "1541": "Chỉnh sửa mật khẩu tài sản",
  "1542": "Thêm số điện thoại",
  "1543": "Thêm địa chỉ email",
  "1544": "ID người dùng",
  "1545": "Mã giới thiệu",
  "1546": "Điền ngày tháng năm sinh để nhận quà mừng sinh nhật",
  "1547": "Sửa đổi mật khẩu đăng nhập định kỳ sẽ giúp bảo mật tốt hơn",
  "1548": "Chỉnh sửa",
  "1549": "Chỉnh sửa tên gọi",
  "1550": "Giới tính",
  "1551": "Nam",
  "1552": "Nữ",
  "1553": "Ngày tháng năm sinh",
  "1554": "Chọn ngày tháng năm sinh",
  "1555": "Lưu",
  "1556": "Vui lòng nhập mật khẩu cũ",
  "1557": "Vui lòng nhập 6-15 ký tự của mật khẩu",
  "1558": "Vui lòng nhập lại 6-15 ký tự của mật khẩu",
  "1560": "Xin vui lòng nhập mật khẩu đăng nhập gồm 6-15 ký tự",
  "1561": "Vui lòng nhập 6 ký tự của mật khẩu quỹ mới",
  "1562": "Vui lòng nhập lại 6 ký tự của mật khẩu quỹ mới",
  "1563": "Quý khác đã thêm thành công số điện thoại",
  "1564": "Nếu cần trợ giúp",
  "1565": "Vui lòng liên hệ CSKH 7x24",
  "1566": "Vui lòng nhập email",
  "1567": "Lịch sử duyệt web",
  "1568": "Mật khẩu cũ và mới không thể giống nhau",
  "1569": "Đã chỉnh sửa thành công mật khẩu đăng nhập",
  "1575": "Gửi mã xác thực",
  "1576": "Lịch sử chơi game",
  "1577": "Chưa thiết lập",
  "1578": "Xin vui lòng nhập 6 số mật khẩu thanh toán",
  "1579": "Mật khẩu quỹ",
  "1581": "Chỉnh sửa thành công",
  "1582": "Phải từ 6 chữ số hợp thành",
  "1583": "Cài đặt thành công",
  "1584": "Vui lòng đặt mật khẩu quỹ",
  "1585": "Vui lòng nhập lại mật khẩu quỹ",
  "1587": "Bước trước",
  "1589": "Quý khách chưa cài đặt {typeName} mật khẩu tài sản",
  "1590": "Đi tới cài đặt",
  "1591": "Hiện tại đã là bản cập nhật mới nhất",
  "1592": "Mã số đơn",
  "1593": "Thời gian ngày giờ",
  "1594": "Quy đổi tiền tệ",
  "1595": "Số tiền quy đổi",
  "1596": "Tỉ giá",
  "1597": "Loại tệ",
  "1598": "Số tiền",
  "1599": "Thời gian nạp hộ",
  "1600": "Điều chỉnh loại hình",
  "1601": "Điều chỉnh loại tiền tệ",
  "1602": "Điều chỉnh số tiền",
  "1603": "Ghi chú",
  "1605": "Thuộc về địa điểm",
  "1606": "Loại nhiệm vụ",
  "1607": "Địa điểm/trò chơi",
  "1608": "Loại tiền đặt cược",
  "1610": "Số tiền nạp",
  "1611": "Hội viên thăng cấp",
  "1612": "Tỉ lệ ưu đãi",
  "1613": "Số tiền ưu đãi",
  "1614": "Chi tiết tiền thưởng",
  "1615": "Tên tiền thưởng",
  "1617": "Thời gian cược",
  "1618": "Cấp bậc hội viên",
  "1620": "Tỉ lệ tiền hoàn trả",
  "1621": "Số tiền hoàn trả",
  "1622": "Số vòng cược hợp lệ trước khi rút",
  "1623": "Số tiền cược hợp lệ  trước khi rút",
  "1624": "Thời gian phát tiền hoàn trả",
  "1625": "Chi tiết hoàn tiền",
  "1626": "Kiểu hoàn tiền",
  "1627": "Chi tiết nhiệm vụ",
  "1628": "Tên nhiệm vụ nhóm",
  "1629": "Tên các mục nhiệm vụ",
  "1630": "Đã thêm thành công địa chỉ email",
  "1631": "Thêm địa chỉ email",
  "1632": "Xin vui lòng nhập chính xác địa chỉ email",
  "1633": "Xác nhận",
  "1634": "Thêm số điện thoại",
  "1635": "Gửi mã xác thực",
  "1636": "Đã thêm thành công số điện thoại",
  "1638": "Xác thực",
  "1639": "Đã gửi tin nhắn đến{tel} {phone}，xin vui lòng nhập 5 chữ số của mã xác thực",
  "1640": "Mã xác thực sẽ gửi đến {tel}",
  "1641": "Gửi đi",
  "1642": "Đã gửi mã xác thực đến {tel}",
  "1643": "Đặt mật khẩu quỹ",
  "1644": "Chi tiết khác",
  "1645": "Chi tiết về đại lý nạp hộ",
  "1646": "Chi tiết về quy đổi phúc lợi",
  "1647": "Đường dây mạng{index}",
  "1648": "(Đường dây mạng hiện tại)",
  "1650": "Ảnh chụp màn hình",
  "1651": "Tài khoản thành viên",
  "1653": "Mạng hiện hành",
  "1654": "Hệ điều hành",
  "1655": "Thời gian",
  "1656": "IP",
  "1657": "ID thiết bị",
  "1658": "Tên thiết bị",
  "1659": "Mô hình thiết bị",
  "1660": "Số phiên bản ứng dụng",
  "1661": "Sau Khi thay đổi ngôn ngữ cần khởi động  lại app",
  "1662": "Tự động chấp nhận mọi biến đổi về tỉ lệ trả thưởng",
  "1663": "Không chấp nhận mọi biến đổi về tỉ lệ trả thưởng",
  "1664": "Cài đặt của nhà cái",
  "1665": "Tùy chọn cài đặt tỷ lệ trả thưởng",
  "1666": "Phát hiện phiên bản mới",
  "1667": "Kích cỡ phiên bản mới：{size}MB",
  "1668": "Nếu không thể tải xuống bản cập nhật,",
  "1669": "Vui lòng bấm vào đây để tải xuống",
  "1670": "Cập nhật mới nhất",
  "1671": "Nhắc nhở sau",
  "1672": "Bắt đầu tải xuống",
  "1673": "Tải xuống hoàn tất",
  "1674": "Lỗi tải xuống",
  "1675": "Bạn chắc chắn muốn thay đổi múi giờ?",
  "1676": "Tìm kiếm quốc gia và thành thị",
  "1677": "Thay đổi múi giờ",
  "1683": "Quảng cáo",
  "1684": "Trao đổi",
  "1685": "Nhiệm vụ",
  "1686": "Hoàn lại tiền",
  "1687": "Tiền thưởng",
  "1689": "Đại lý giúp nạp tiền",
  "1690": "Vui lòng nhập biệt hiệu từ 2 đến 10 ký tự",
  "2000": "Mỗi loại tiền tệ chỉ được thêm một thẻ ngân hàng, xin vui lòng xóa thẻ cũ trước",
  "2002": "Xin vui lòng chọn loại tiền tệ muốn nhận",
  "2003": "Đã thêm thành công địa chỉ nhận tiền ảo",
  "2004": "Loại tiền tệ muốn nhận",
  "2006": "Địa chỉ nhận tiền tệ",
  "2007": "Xin vui lòng nhập địa chỉ nhận tiền tệ",
  "2008": "Xin vui lòng nhập 8 - 64 chữ cái, số",
  "2009": "Tên địa chỉ",
  "2010": "Xin vui lòng nhập tên địa chỉ",
  "2011": "Xin vui lòng nhập 1-8 chữ hoa, chữ cái, số",
  "2013": "Xin vui lòng xác nhận có muốn xóa địa chỉ tiền ảo này hay không?",
  "2014": "Xóa thành công",
  "2016": "Chưa thêm địa chỉ",
  "2017": "+Thêm địa chỉ tiền ảo",
  "2018": "Nhiều nhất có thể thêm {count} địa chỉ tiền ảo",
  "2019": "Xin vui lòng nhập 16-19 chữ số thẻ ngân hàng",
  "2020": "Quý khách nhập thẻ ngân hàng đã vô hiệu, xin vui lòng nhập thẻ còn hiệu lực",
  "2021": "Mỗi ngân hàng chỉ được thêm một thẻ ngân hàng, xin vui lòng xóa thẻ cũ trước",
  "2022": "Xin vui lòng chọn ngân hàng trực thuộc",
  "2023": "Xin vui lòng chọn nơi tạo tài khoản ngân hàng",
  "2025": "Thêm thẻ thành công",
  "2026": "Xin vui lòng nhập thẻ ngân hàng còn hiệu lực",
  "2027": "Vui lòng xác nhận tên vừa nhập trùng khớp với tên chủ thẻ tài khoản ngân hàng",
  "2028": "Tên chủ thẻ",
  "2029": "Xin vui lòng nhập họ và tên thật",
  "2030": "Xin vui lòng nhập 2-4 chữ tên tiếng hoa",
  "2031": "Ngân hàng trực thuộc",
  "2032": "Xin vui lòng chọn ngân hàng trực thuộc",
  "2033": "Chi nhánh tài khoản ngân hàng",
  "2034": "Tạm chưa thêm thẻ ngân hàng",
  "2035": "Số thẻ ngân hàng",
  "2037": "+Thêm thẻ ngân hàng",
  "2038": "Nhiều nhất có thể thêm {count} thẻ ngân hàng",
  "2039": "Mỗi ví tiền chỉ có thể thêm 1 thẻ ngân hàng, xin vui lòng xóa thẻ cũ trước",
  "2040": "Xin vui lòng chọn loại ví tiền",
  "2041": "Đã thêm thành công địa chỉ ví tiền",
  "2042": "Ví nhận tiền",
  "2043": "Địa chỉ ví tiền",
  "2044": "Xin vui lòng nhập địa chỉ ví tiền",
  "2046": "Tên ví tiền",
  "2047": "Xin vui lòng nhập tên ví tiền",
  "2049": "Tạm thời chưa thêm ví tiền ",
  "2050": "+Thêm ví tiền điện tử",
  "2051": "Nhiều nhất có thể thêm {count} ví tiền điện tử",
  "2052": "Thẻ ghi nợ",
  "2053": "Xóa",
  "2054": "{bankCode} ví tiền",
  "2055": "Xác nhận có muốn xóa thẻ ngân hàng này không?",
  "2056": "Xác nhận có muốn xóa địa chỉ ví tiền điện tử này không?",
  "2058": "Quý khách vẫn chưa thêm số điện thoại",
  "2059": "Đi tới thêm",
  "2061": "Đặt làm ví tiền chính",
  "2062": "Tiền của tôi",
  "2065": "Đi thanh toán",
  "2066": "Xác nhận thanh toán",
  "2067": "Xin vui lòng xác nhận rằng quý khách đã thanh toán. Cố ý xác nhận giả có dẫn đến việc bị đóng băng tài khoản.",
  "2068": "Vui lòng chọn kênh nạp tiền",
  "2069": "Xin vui lòng nhập số tiền nạp({currency})",
  "2070": "Dự tính thời gian nhận được tiền:",
  "2071": "Tỉ giá tham khảo",
  "2072": "Xin vui lòng nhập số tiền (giới hạn {min}~{max})",
  "2073": "Vui lòng chọn phương thức nạp tiền",
  "2074": "Tặng thêm {rate}%",
  "2075": "{content} đã sao chép đến bộ nhớ tạm thời",
  "2076": "Xin vui lòng hoàn thành thanh toán",
  "2077": "Xin vui lòng",
  "2078": "hoàn tất thanh toán trong vòng",
  "2079": "Đang chờ xét duyệt",
  "2080": "Khi nhận được tiền, hệ thống sẽ thông báo cho quý khách. Xin cui lòng chờ trong giây lát",
  "2081": "Nạp tiền thành công",
  "2083": "Nạp tiền không thành công",
  "2085": "Liên hệ CSKH",
  "2086": "Đã gửi chứng cứ",
  "2087": "Gửi chứng cứ đã chuyển khoản",
  "2088": "Tôi đã chuyển khoản thành công",
  "2089": "Địa chỉ USDT đã sao chép đến bộ nhớ tạm thời",
  "2093": "Loại hình giao dịch",
  "2094": "Phương thức nạp tiền",
  "2095": "Nạp tiền",
  "2096": "Thời gian nạp tiền",
  "2099": "Số tiền thanh toán",
  "2100": "Xin vui lòng sử dụng APP ngân hàng chuyển tiền đến tài khoản sau",
  "2101": "Tên ngân hàng",
  "2102": "Tên người nhận",
  "2104": "Xin vui lòng điền（tên người chuyển khoản）hoặc（mã số giao dịch ）sẽ tăng tốc độ nạp tiền thành công!",
  "2106": "Đã gửi thành công, đang xét duyệt",
  "2107": "Xin vui lòng dùng ví tiền ảo để chuyển cho địa chỉ sau",
  "2108": "Địa chỉ",
  "2109": "Xin vui lòng dùng Alipay quét mã QR sau để thanh toán",
  "2110": "Tài khoản Alipay",
  "2111": "Mã QR tạo thành bị lỗi, xin vui lòng thử lại sau!",
  "2112": "Nhấn và giữ mã QR để lưu vào bộ sưu tập",
  "2113": "Quá hạn đã tự động hủy",
  "2114": "Số liệu bị lỗi, xin vui lòng thử lại sau",
  "2115": "Kênh hiện tại chưa mở",
  "2116": "Gửi chứng cứ chuyển khoản thành công",
  "2117": "Kênh nạp tiền không khả dụng",
  "2118": "Xin vui lòng chọn kênh nạp tiền khác, nhằm tăng tỉ lệ nạp tiền thành công",
  "2119": "Mua GDB",
  "2120": "Làm sao để có được nhiều GDB ? Xin vui lòng bấm vào bên phải [Mua GDB], tại trang mới hiện ra của GDPay nhấn vào [MUA], giao dịch thành công sẽ có đươc GDB",
  "2121": "Chụp ảnh",
  "2122": "Bộ sưu tập",
  "2124": "Số tiền nạp",
  "2125": "Tiền nạp hoa hồng",
  "2126": "Chi tiết tiền nạp",
  "2127": "Nạp tiền thành công",
  "2128": "Xin vui lòng đợi trong 5 phút, số dư đang được thêm vào tài khoản...",
  "2129": "Tiền nạp vào tính theo {fiat}",
  "2130": "Ví tiền trung tâm hiện tại theo {fiat}, tiền ảo nạp vào tính theo {fiat}",
  "2131": "Nạp tiền hỏa tốc",
  "2132": "Nạp tiền bình thường",
  "2133": "Đang chờ thanh toán",
  "2134": "Quý khách có 1 đơn đang chờ thanh toán, xin vui lòng thanh toán và gửi chứng cứ chuyển khoản thành công",
  "2135": "Hủy bỏ đơn nạp tiền này",
  "2139": "Số tiền có thể rút {money}",
  "2141": "Xin vui lòng nhập số tiền rút",
  "2142": "Xin vui lòng chọn {name}",
  "2143": "Ngân hàng nhận tiền",
  "2144": "Địa chỉ nhận tiền",
  "2145": "Ví điện tử nhận tiền",
  "2146": "Xin vui lòng chọn phương thức rút tiền",
  "2147": "Xin vui lòng chọn loại hình rút tiền trước",
  "2148": "Quy định tặng thưởng ",
  "2149": "Tránh rút tiền vào giờ cao điểm và nhận thêm tiền thưởng.",
  "2150": "Thời gian nhận tiền thực tế",
  "2151": "giờ",
  "2152": "Tặng thưởng thêm",
  "2153": "Lưu ý: Phần thưởng rút tiền dự tính sẽ phát dựa trên thời gian thực xuất khoản. Nếu có vấn đề gì xin vui lòng liên hệ CSKH hoặc CSKH chuyên về tài vụ",
  "2154": "Vào ví tiền",
  "2155": "Địa chỉ GDPay：",
  "2156": "Kênh rút tiền không khả dụng",
  "2157": "Xin vui lòng chọn kênh rút tiền khác, nhằm nâng cao tỉ lệ rút tiền thành công",
  "2158": "Xin vui lòng chọn loại tiền muốn rút trước",
  "2159": "Không có số dư có thể rút",
  "2160": "Quý khách vẫn chưa đủ {need} tiền cược hợp lệ  để rút tiền {total}",
  "2161": "Ẩn chi tiết",
  "2162": "Xem chi tiết",
  "2163": "Thu lại",
  "2164": "Mở ra",
  "2165": "{desc} có thể rút {total} ",
  "2166": "Xin vui lòng chú ý {name} tin nhắn，tiền sẽ tự động vào tài khoản",
  "2167": "{desc} hoạt động nhận {amount} rút tiền cần số vòng cược hợp lệ là {multiple} vòng",
  "2168": "Tổng số tiền có thể rút",
  "2169": "Số tiền có thể rút",
  "2170": "Tổng tiền cược hợp lệ cần hoàn thành",
  "2171": "Đã hoàn thành số tiền cược hợp lệ",
  "2172": "Hình thức rút tiền",
  "2173": "Thời gian rút tiền",
  "2174": "Đơn đăng ký đã gửi",
  "2175": "Đang xuất",
  "2176": "Đã xuất khoản thành công",
  "2178": "(Số đuôi của thẻ {bankCard})",
  "2179": "Xin vui lòng nhập số tiền cần rút",
  "2180": "Số dư không đủ",
  "2182": "Lập tức rút tiền (lập tức nhận được tiền)",
  "2183": "Hẹn thời gian rút tiền ({minHours}~{maxHours} thời gian tiền đến)",
  "2184": "Tặng thưởng thêm {minRate}%~{maxRate}%",
  "2187": "Chi tiết rút khoản",
  "2188": "Thêm thẻ ngân hàng",
  "2189": "Thêm địa chỉ ví tiền ảo",
  "2190": "Thêm ví tiền điện tử",
  "2191": "Không lấy được tỷ giá, xin vui lòng thử lại sau",
  "2192": "GDPay",
  "2193": "EBPay",
  "2194": "OKPay",
  "2195": "TOPay",
  "2196": "Alipay",
  "2197": "WeChat",
  "2198": "Thẻ ngân hàng",
  "2199": "Tiền ảo",
  "2200": "Ví tiền điện tử",
  "2202": "GDPay tốc độ cao",
  "2203": "Tiền số nhân dân tệ",
  "2204": "Đã thành lập",
  "2205": "Đang xét duyệt",
  "2206": "Đã thành công",
  "2207": "Đã thất bại",
  "2209": "Thẻ điểm",
  "2210": "Kiểm toán",
  "2501": "Loại vấn đề",
  "2502": "Tường thuật vấn đề",
  "2503": "Vui lòng tường thuật chi tiết vấn đề của quý khách，Điền không dưới {count} từ",
  "2504": "Chỉ hỗ trợ định dạng JPG, mỗi tấm không quá 5M, nhiều nhất là {count} tấm",
  "2505": "Gửi",
  "2506": "Phản hồi của tôi",
  "2507": "Trạng thái câu hỏi",
  "2508": "CSKH trả lời",
  "2509": "Đã trả lời",
  "2510": "Chưa trả lời",
  "2511": "Đã tiếp nhận",
  "2512": "Thông tin",
  "2513": "Thông báo",
  "2514": "Tin nhắn riêng",
  "2515": "Thông báo trận đấu",
  "2516": "Sửa đổi",
  "2519": "Chưa đọc",
  "2520": "Đã đọc",
  "2522": "Vui lòng xác nhận muốn xóa không ？",
  "2523": "Thông tin chi tiết",
  "2524": "Trung tâm VIP",
  "2525": "Mức tiền nạp hiện tại：",
  "2526": "Mức tiền cược hợp lệ hiện tại：",
  "2527": "Chi tiết về VIP>>",
  "2528": "Mức nạp tiền tích lũy",
  "2529": "Mức tiền cược hợp lệ để giữ cấp VIP ({day} ngày)",
  "2530": "Mức tiền nạp để giữ cấp VIP ({day} ngày)",
  "2531": "Số tiền cược hợp lệ yêu cầu",
  "2532": "Cấp bậc",
  "2533": "Mức tiền nạp yêu cầu",
  "2535": "Phúc lợi VIP",
  "2536": "Hội viên thăng một cấp，sẽ nhận được phần thưởng tương ứng",
  "2537": "Phúc lợi tối đa có thể nhận được",
  "2540": "Quay về mục đầu",
  "2542": "Đặt cược nhận thưởng",
  "2543": "Đã nhận tiền thưởng cược hợp lệ",
  "2544": "Tổng tiền đặt cược của hội viên",
  "2545": "Đang chờ nhận tiền thưởng cược hợp lệ",
  "2546": "Hội viên đăng ký tài khoản thông qua phương thức lời mời quảng cáo , sau khi hội viên đăng ký thành công, sau khi nạp tiền xong, nếu đặt cược thì bạn có thể nhận được tiền hoa hồng.  Ví dụ : nếu hội viên đặt cược hợp lệ với số tiền 800000 thì bạn có thể nhận được số tiền 800000*0.20%=1600, số tiền này sẽ được cộng vào ví tài khoản hội viên của bạn.",
  "2547": "Nạp tiền nhận thưởng",
  "2548": "Đã nhận tiền thưởng nạp tiền",
  "2549": "Đang chờ nhận tiền thưởng nạp tiền",
  "2550": "Hội viên đăng ký tài khoản thông qua lời mời quảng cáo, khi số tiền nạp đạt đến xxx thì người giới thiệu và hội viên đều có thể nhận được tiền thưởng của hoạt động này.",
  "2551": "Thăng cấp nhận thưởng",
  "2552": "Đã nhận tiền thưởng thăng cấp",
  "2553": "Đang chờ nhận tiền thưởng thăng cấp",
  "2554": "Hội viên đăng ký tài khoản thông qua lời mời quảng cáo, khi hội viên đạt đến cấp độ hội viên tương ứng lần đầu tiên thì người giới thiệu có thể nhận được tiền thưởng.",
  "2555": "Tiền thưởng đang được thanh toán",
  "2557": "Đường link quảng cáo",
  "2558": "Lưu vào bộ sưu tập ",
  "2559": "Nội dung hoạt động",
  "2560": "Thời gian hoạt động:Hoạt động dài hạn",
  "2561": "Đối tượng tham gia hoạt động:{content}",
  "2562": "Toàn bộ hội viên",
  "2563": "Hội viên có cấp bậc VIP{level} trở lên",
  "2564": "Chi tiết hoạt động",
  "2565": "Nội dung quảng cáo chi tiết",
  "2566": "Nội dung phần thưởng chi tiết",
  "2567": "Vui lòng nhập tên hội viên mà quý khách muốn tìm kiếm",
  "2568": "Tên hội viên",
  "2569": "Server",
  "2571": "Phần thưởng",
  "2573": "Phần thưởng dành cho người mời",
  "2574": "Phần thưởng dành cho người được mời",
  "2575": "Cấp bậc trước khi thăng cấp",
  "2576": "Cấp bậc sau khi thăng cấp",
  "2577": "Hội viên cấp 1",
  "2578": "Hội viên cấp 2",
  "2579": "Tỉ lệ tiền hoàn trả dành cho người quảng cáo",
  "2580": "Tỉ lệ tiền hoàn trả dành cho người được mời",
  "2582": "Số tiền thưởng",
  "2583": "Dung lượng ảnh không quá 5M",
  "2584": "Ảnh truyền tải thành công",
  "2585": "Ảnh truyền tải thất bại",
  "2587": "Đã sao chép đường link quảng cáo",
  "2588": "Mời gọi bạn bè chia sẻ để nhận tiền hoa hồng",
  "2589": "Thời gian đăng ký：",
  "2590": "Chi tiết về VIP",
  "2591": "Độc quyền",
  "2592": "Khóa",
  "2593": "Mở khóa",
  "2594": "Nhận được",
  "2595": "Đã nhận",
  "2596": "Phân phối",
  "2597": "Tiền thưởng thăng cấp",
  "2598": "Tiền lì xì hàng tháng",
  "2599": "Tiền lì xì nửa tháng đầu",
  "2600": "Tiền lì xì nửa tháng sau",
  "2601": "Quà mừng sinh nhật",
  "2602": "Mỗi tháng {th} ngày",
  "2603": "Cuối tháng mỗi tháng",
  "2604": "Đã nhận thành công",
  "2605": "Nhận thông tin chia sẻ thất bại",
  "2606": "Quét mã QR",
  "2607": "Vĩnh viễn",
  "2608": "{start} đến {end}",
  "2609": "Chy kỳ hoạt động",
  "2610": "Bắt đầu hoạt động：{time}",
  "2611": "Kết thúc hoạt động：{time}",
  "2612": "Thời gian đăng ký：{time}",
  "2613": "Thời gian thông qua：{time}",
  "2614": "Nội dung đăng ký：",
  "2615": "Lần thứ {count} đăng ký",
  "2616": "Đăng ký tham gia",
  "2618": "Phần thưởng：",
  "2619": "Đi đến",
  "2620": "Các mục nhiệm vụ không thành công",
  "2621": "Hoạt động",
  "2623": "Nhận thành công",
  "2625": "Cược hợp lệ trong ngày",
  "2626": "Tiền hoàn trả của hội viên",
  "2627": "Điều lệ tiền hoàn trả",
  "2628": "1、Mỗi hội viên, mỗi địa chỉ IP, được xem là tài khoản độc lập. Nếu phát hiện tình trạng đăng ký nhều tài khoản hoặc nhiều tài khoản chung một địa chỉ IP, thì bị xem là cùng một người và {appName} có quyền từ chối tặng tiền hoàn trả cho những tài khoản có chung địa chỉ IP ",
  "2629": "2、Bát kể là cá nhân hay nhóm có những hành vi uy hiếp, lạm dụng hay phạm qui, {appName} sẽ có quyền hủy và thu hồi tiền hoàn trả",
  "2630": "3、Để tránh hiểu lầm trong văn bản chữ viết {appName} bảo lưu quyền giải thích cuối cùng đối với tiền hoàn trả, ngoài ra có quyền sửa đổi, gia hạn hoặc hủy！",
  "2632": "Lịch sử tiền hoàn trả",
  "2633": "Cược hợp lệ {availableAmount}",
  "2635": "Tiền hoàn trả {returnAmount}",
  "2636": "Nhận toàn bộ",
  "2637": "Tiền hoàn trả:",
  "2638": "Cược hợp lệ: ",
  "2639": "đơn",
  "2640": "Tích điểm phúc lợi: {amount}",
  "2641": "Tổng cộng {totalNumber} đơn phúc lợi, tích điểm phúc lợi {totalMoney}",
  "2642": "Phúc lợi chưa nhận sẽ được bảo lưu trong  90 ngày, xin vui lòng nhận ngay",
  "2643": "Nhấn để nhận tất cả",
  "2644": "Tích điểm phúc lợi:",
  "2645": "Tích điểm phúc lợi",
  "2647": "{source} tích điểm phúc lợi = 1 {target}",
  "2648": "Không lấy được tỷ giá hối đoái hiện tại",
  "2649": "Có thể hoán đổi khoảng",
  "2650": "Số vòng cược cần thiết để rút tiền sau khi quy đổi là khoảng",
  "2651": "Hệ số rút tiền thưởng là một phép tính toàn diện. Người chơi rút số dư tiền phúc lợi sử dụng công thức （công thức : tổng tiền cược yêu cầu *（số tiền rút/tổng số tiền rút））để tính toán số tiền cược bắt buộc phải hoàn thành trước khi rút tiền phúc lơi）",
  "2652": "Điểm quy đổi không đủ",
  "2653": "Quy đổi thành công",
  "2654": "Quy đổi phúc lợi",
  "2655": "Lịch sử quy đổi",
  "2656": "Xác nhận hoán đổi",
  "2658": "Lịch sử phúc lợi",
  "2659": "Đã phát",
  "2660": "Rời khỏi",
  "2661": "Nhấn vào để mở",
  "2662": "Rất đáng tiếc",
  "2663": "Lì xì của quý khách đã bị nhận mất rồi",
  "2664": "Đã nhận xong, một đồng cũng không còn",
  "2665": "Đang trên đường đến",
  "2666": "Chỉ còn lại điểm may mắn",
  "2667": "Xin vui lòng chờ ít phút sau đó đến lịch sử nhận thưởng kiểm tra",
  "2668": "Sau khi nhận hoặc khi hết thời hạn thì tiền sẽ được tự động chuyển đến ví tiền tương ứng của quý khách",
  "2669": "Điểm may mắn có thể tham gia vào hoat động rút thăm may mắn",
  "2670": "Nhận vào",
  "2672": "Thời gian còn lại để trận mưa lì xì này đóng lại là:{time}",
  "2673": "Lịch sử nhận mưa lì xì",
  "2675": "Quý khách chưa thêm thẻ ngân hàng",
  "2677": "Hoạt động đã kết thúc",
  "2680": "Quy định của các chỉ tiêu:",
  "2681": "Chế độ nhận lì xì:",
  "2682": "Giới hạn phạm vi ngày nhận lì xì:",
  "2683": "Tiền nạp tích lũy:",
  "2684": "Cược hợp lệ tích lũy:",
  "2685": "Tiền nạp một lần:",
  "2686": "Cược hợp lệ một lần:",
  "2687": "1、Toàn bộ ưu đãi đều được tính bằng đồng Việt Nam(VND), theo thời gian Việt Nam. \n2、Mỗi người chơi, mỗi tài khoản, mỗi địa chỉ, mỗi địa chỉ email, mỗi số điện thoại, cùng một phương thức thanh toán (cùng thẻ ghi nợ/thẻ tín dụng/tài khoản ngân hàng) và địa chỉ IP chỉ được hưởng ưu đãi một lần; nếu thành viên đăng ký nhiều lần, công ty bảo lưu quyền hủy hoặc rút tiền thưởng của hội viên vi phạm. \n3、Tất cả các ưu đãi tại {appName} đều được thiết kế đặc biệt dành cho người chơi. Nếu bất kỳ nhóm hoặc cá nhân nào bị phát hiện nhận tiền thưởng một cách không trung thực hoặc thực hiện bất kỳ mối đe dọa nào hoặc lạm dụng lợi ích của công ty, công ty có quyền đóng băng hoặc hủy tài khoản và số dư tài khoản của nhóm hoặc cá nhân đó. \n4. Nếu hội viên có tranh chấp về hoạt động, để đảm bảo lợi ích của cả hai bên và ngăn chặn hành vi giả danh lừa gạt, {appName} có quyền yêu cầu hội viên cung cấp cho chúng tôi các giấy tờ đầy đủ và hợp lệ để xác nhận xem hội viên có đủ điều kiện tham gia nhận ưu đãi hay không. \n5. Khi các hội viên không tuân thủ , vi phạm hay lạm dụng bất kỳ điều khoản nào liên quan đến ưu đãi hoặc khuyến mãi của công ty hoặc chúng tôi có bất kỳ bằng chứng nào cho thấy các nhóm hoặc cá nhân nào đã đặt một loạt cược có liên quan để đảm bảo rằng họ có thể kiếm lợi từ tiền thưởng nạp tiền hoặc các chương trình khuyến mãi khác bất kể kết quả cược như thế nào thì {appName} có quyền dừng, hủy ưu đãi hoặc yêu cầu hoàn lại tất cả tiền thưởng đã chi ra. Ngoài ra, công ty còn có quyền khấu trừ phí hành chính tương đương với giá trị tiền thưởng ưu đãi từ những hội viên này để bù đắp chi phí hành chính của công ty. \n6. {appName} có quyền giải thích cuối cùng về hoạt động và quyền sửa đổi hoặc chấm dứt hoạt động mà không cần thông báo, áp dụng cho tất cả các thành viên tham gia hoạt động.",
  "2688": "Chi tiêt tiền hoàn trả",
  "2689": "Tham gia ứng tuyển",
  "2690": "Đơn xin nhận giải thưởng",
  "2691": "Bản ghi phần thưởng",
  "2692": "Hoạt động",
  "2693": "Thưởng",
  "2694": "Cổ tức",
  "2695": "Nhiệm vụ",
  "3000": "Điện thoại bộ phận CSKH",
  "3001": "Thông tin liên lạc bộ phận đại lý",
  "3002": "Sáu đặc điểm lớn",
  "3003": "cho quý khách biết những lợi thế của việc lựa chọn chúng tôi",
  "3004": "Tài khoản được quản lý một cách cá nhân hóa",
  "3005": "giám sát hoạt động của người chơi theo thời gian thực, tư vấn trang web mới nhất, các  dịch vụ được cá nhân hóa, luôn có mặt khi cần",
  "3006": "Sự hậu thuẫn vững chắc của bạn",
  "3007": "tận hưởng các nguồn lực tiếp thị, tận hưởng hiệu ứng thương hiệu lớn, các phương pháp tiếp thị độc đáo",
  "3008": "Không có trở ngại trong giao tiếp",
  "3009": "Người quản lý khách hàng nói ngôn ngữ của quý khách và hiểu văn hóa của quý khách",
  "3010": "Tiền hoa hồng trọn đời",
  "3011": "Lên đến 55%, cao nhất trong ngành, người chơi trở thành tài sản cố định của quý khách, trọn đời nhận được lợi nhuận từ tiền cược của người chơi",
  "3012": "Trả hoa hồng đúng hạn",
  "3013": "có danh tiếng xuất sắc, luôn thanh toán hàng tháng, không bao giờ trì hoãn thanh toán, da dạng phương thức thanh toán để quý khách lựa chọn",
  "3014": "Luôn luôn thu hút người chơi",
  "3015": "các trò chơi hấp dẫn , nhiều khuyến mãi lớn bất ngờ, CSKH 24/7",
  "3016": "Bước 1",
  "3017": "Xin phương án liên doanh",
  "3018": "Bước 2",
  "3019": "Lấy link quảng bá",
  "3020": "Bước 3",
  "3021": "Quảng bá {appName} trên mạng",
  "3022": "Hoàn thành ba bước trên và quý khách  sẽ nhận được tiền hoa hồng siêu cao trong tầm tay!",
  "3023": "{appName} đã có hơn 10 năm danh tiếng trong ngành. Cho dù người chơi sử dụng điện thoại di động, máy tính bảng , máy tính xách tay hay máy tính để bàn thông thường, người chơi đều có thể tận hưởng trải nghiệm chơi game tuyệt vời. Đây là sự đảm bảo đáng tin cậy cho lợi nhuận của quý khách",
  "3024": "Quý khách đã trở thành đại lý rồi",
  "3025": "Đã đăng ký, đang chờ xét duyệt",
  "3026": "Tham gia vào kế hoạch liên doanh hợp tác>>",
  "3027": "Thể Thao",
  "3028": "Casino",
  "3030": "Game bài",
  "3031": "Nổ Hũ",
  "3032": "Bắn cá",
  "3033": "Sòng bạc online trên điện thoại di động mạnh mẽ nhất",
  "3034": "tất cả các thiết bị đều được đáp ứng cùng một lúc",
  "3035": "{appName} quy tụ những tinh hoa của ngành công nghiệp trò chơi toàn cầu. Kể từ năm 2007, {appName} đã tạo dựng được danh tiếng xuất sắc về các dịch vụ an toàn và chuyên nghiệp. Tạo ra trải nghiệm chơi game tốt nhất là mục tiêu không ngừng nghỉ của chúng tôi. Cho dù người chơi sử dụng điện thoại di động, máy tính bảng, máy tính xách tay hay máy tính để bàn thông thường, họ đều có thể tận hưởng trải nghiệm chơi game tuyệt vời.",
  "3036": "email",
  "3039": "Vui lòng nhập tài khoản {value}",
  "3041": "Số điện thoại",
  "3048": "Bạn đã hoàn thành đơn đăng ký đại lý của mình, vui lòng kiên nhẫn chờ đợi để được xem xét.",
  "3051": "{second} giây",
  "3054": "Tỷ lệ hoa hồng",
  "3055": "Nhật ký rút tiền",
  "3056": "Nhật ký nạp tiền",
  "3057": "Lợi nhuận ròng trong tháng",
  "3058": "Thành viên trong nhóm",
  "3059": "Thành viên trực thuộc",
  "3060": "Số người nạp lần đầu",
  "3061": "Thành viên mới trong nhóm",
  "3062": "Thành viên trực thuộc mới",
  "3063": "Thành viên mới hợp lệ",
  "3064": "Số người đặt  cược",
  "3065": "Số người nạp tiền",
  "3066": "Số người rút tiền",
  "3067": "Tổng quan về các thành viên",
  "3069": "Tháng",
  "3070": "Tiền hoa hồng",
  "3071": "Tài khoản đại lý{username}",
  "3072": "Nhóm đại lý:",
  "3073": "Nhận xét của đại lý:",
  "3074": "Có nợ tiền hay không: Có",
  "3075": "Có nợ tiền hay không: Không",
  "3076": "Nạp tiền:{depositTotal}",
  "3077": "Rút tiền:{withdrawTotal}",
  "3078": "Số lượng thành viên trong nhóm:{playerTotal}",
  "3079": "Số lượng thành viên trực tiếp:{directPlayerTotal}",
  "3080": "Số lượng nhóm đại lý:{agentTotal}",
  "3081": "Số lượng đại lý trực tiếp:{directAgentTotal}",
  "3082": "Tỷ lệ chiết khấu",
  "3083": "Chưa  định cấu hình",
  "3084": "Thời gian đăng ký",
  "3086": "Xin vui lòng nhập tài khoản đại lý",
  "3087": "Chi tiết đại lý",
  "3088": "Đại lý chuyển khoản",
  "3089": "Chỉnh sửa nhóm",
  "3090": "Ghi chú đại lý",
  "3091": "Thao tác",
  "3093": "Rút tiền",
  "3094": "Ghi chú hội viên",
  "3095": "Tài khoản hội viên {username}",
  "3097": "Xin vui lòng điền lý do ghi chú...",
  "3100": "Xin vui lòng điền lý do ghi chú",
  "3101": "Chỉnh sửa nhóm",
  "3102": "Vui lòng xác nhận có gửi hợp đồng hay không (hợp đồng đã gửi không thể sửa đổi)",
  "3103": "Đã tồn tại hợp đồng chưa xác nhận, tạm thời không thể thiết lập lại!",
  "3104": "Gửi thành công",
  "3105": "Phạm vi tỷ lệ chiết khấu",
  "3106": "Hợp đồng đại lý cấp dưới ",
  "3107": "Gửi hợp đồng",
  "3108": "Tổng thắng thua",
  "3109": "Vui lòng nhập số tiền",
  "3110": "Tài khoản không tồn tại",
  "3111": "Chưa ký hợp đồng",
  "3112": "Đang xử lý",
  "3113": "Đã ký hợp đồng",
  "3114": "Từ chối",
  "3115": "Tình trạng hợp đồng",
  "3116": "Tình trạng có hiệu lực",
  "3117": "Đã có hiệu lực",
  "3118": "Đã vô hiệu lực",
  "3119": "Đang chờ có hiệu lực",
  "3120": "Tra tài khoản đại lý cấp dưới",
  "3121": "Lập mới hợp đồng",
  "3122": "Lập mới",
  "3123": "Cài đặt thời gian",
  "3124": "Thời gian ký hợp đồng",
  "3125": "Không có",
  "3126": "Mở rộng chi tiết",
  "3127": "Quy tắc{index}",
  "3129": "Theo tình trạng hợp đồng",
  "3130": "Đặt thời gian gần đến xa",
  "3131": "Đặt thời gian xa đến gần",
  "3132": "Tỷ lệ tối đa từ lớn đến nhỏ",
  "3133": "Tỷ lệ tối thiểu từ nhỏ đến lớn",
  "3134": "Hợp đồng mới thêm",
  "3135": "Thêm mới",
  "3136": "Thêm thành công",
  "3137": "Đã chỉnh sửa thành công",
  "3139": "Nhóm mới thêm",
  "3140": "{agentName} chia nhóm:",
  "3141": "Vui lòng nhập tên trong vòng 10 ký tự",
  "3142": "Bạn có chắc chắn muốn xóa nhóm này?",
  "3145": "Số thứ tự",
  "3146": "{typename} chia nhóm",
  "3147": "{typename} số lượng",
  "3148": "Nhóm hội viên",
  "3149": "Nhóm đại lý",
  "3150": "Cấp trên thanh toán",
  "3151": "Thanh toán cho cấp dưới",
  "3153": "Đại lý thanh toán",
  "3155": "Đại lý nhận tiền",
  "3156": "Thời gian thao tác",
  "3157": "Tiền hoa hồng chưa thanh toán",
  "3158": "Số dư hoa hồng",
  "3159": "Đi nạp tiền",
  "3160": "Đến thanh toán({person} người)",
  "3161": "Thanh toán thành công",
  "3162": "Số lượng thành viên trực tiếp có hiệu lực:",
  "3163": "Thắng thu ròng hoàn lại",
  "3164": "Thắng thu ròng",
  "3165": "Chi phí vận hành",
  "3166": "Điều chỉnh tài khoản",
  "3167": "Bổ sung đơn thắng thua",
  "3168": "Số dư tháng trước",
  "3169": "Dành riêng cho VIP",
  "3170": "Chu kỳ thanh toán",
  "3171": "Hoa hồng nhóm",
  "3172": "Quản lý tiền hoa hồng",
  "3173": "Lịch sử hóa đơn",
  "3176": "Vui lòng nhập số tiền(giới hạn0~{balance})",
  "3177": "Chuyển khoản thành công",
  "3178": "Mật khẩu",
  "3179": "Sai mật khẩu",
  "3180": "Chuyển khoản thất bại",
  "3181": "Số tiền chuyển khoản",
  "3182": "₫Số tiền",
  "3183": "Số tiền tối đa có thể nhập(₫{balance}tệ)",
  "3184": "Chuyển vào ví",
  "3185": "Ví trung tâm",
  "3186": "Ví tiền hoa hồng",
  "3187": "Ví tiền",
  "3188": "Đại lý thông qua hình thức chuyển khoản giúp hội viên của mình nạp tiền, có thể được tính vào các loại hoạt động nạp tiền; đồng thời hội viên rút tiền cần hoàn thành đủ số vòng cược.",
  "3189": "Chuyển đến đại lý tương ứng {title}, có thể tiến hành rút tiền, cũng có thể chuyển khoản cho các hội viên khác hoặc các đại lý khác của đại lý cấp trên",
  "3191": "Chuyển khoản ngay",
  "3192": "Chuyển vào",
  "3193": "Chuyển ra",
  "3194": "Hội viên",
  "3196": "Sao chép thành công",
  "3197": "Tài khoản chuyển ra",
  "3198": "Ví tiền chuyển ra",
  "3199": "Kiểu chuyển ra",
  "3200": "Chế độ tiền hoa hồng tốt nhất trong ngành",
  "3201": "Mang đến cho quý khách sự chân thành tuyệt đối",
  "3202": "Chi tiết tiền hoa hồng",
  "3203": "Điều kiện về số hội viên trực thuộc hợp lệ：≥5",
  "3204": "Người chơi hợp lệ là gì?",
  "3205": "Người chơi hợp lệ là người sau khi đăng ký thành công tài khoản người chơi, trong tháng nạp đủ 500 và số tiền đặt cược hợp lệ lớn hơn 3000 thì được xem là một người chơi hợp lệ. Hàng tháng, sau khi tính toán xong tiền hoa hồng của đại lý, hệ thống sẽ tự động đặt lại về 0 và bắt đầu tính lại từ đầu. Phương pháp tính toán trên chỉ mang tính tham khảo, cụ thể vui lòng tham khảo chi tiết ở quy định.",
  "3206": "Thanh toán tiền hoa hồng",
  "3207": "Tiền hoa hồng của nhóm được tính dựa vào lợi nhuận của hội viên từ ngày đầu tiên đến ngày cuối cùng của một tháng. Tính toán dựa trên công thức chia hoa hồng của nhóm, sau khi đã trừ đi các chiết khấu, phí vận hành, CSKH phụ trách về tiền hoa hồng sẽ đối chiếu với đại lý vào ngày 2-3 hàng tháng, sau khi đại lý đã xác nhận thì vào ngày 5, tiền hoa hồng sẽ được chuyển trực tiếp vào tài khoản đã đăng ký trước. Mỗi tháng, sau khi thanh toán xong thì hiệu suất của các nhóm đại lý bắt đầu lại từ số 0. Phương pháp tính trên chỉ mang tính tham khảo, cụ thể xin đọc trong quy định chi tiết. ",
  "3209": "Thông tin cơ bản",
  "3210": "Tôi có thể tham gia nếu tôi không có trang web riêng không?",
  "3211": "Có một trang web cá nhân chắc chắn là cách tốt nhất để quảng bá thương hiệu của chúng tôi. Ngay cả khi bạn không có, chúng tôi vẫn sẽ cung cấp cho bạn các liên kết quảng cáo và phương thức quảng cáo để bạn dễ dàng tiến hành quảng cáo. Nếu bạn có các phương pháp quảng cáo khác mà bạn muốn chia sẻ , vui lòng liên hệ với đội ngũ liên doanh của chúng tôi để thảo luận rõ hơn.",
  "3212": "thành tích của bạn luôn tỷ lệ thuận với thu nhập của bạn. Thành tích và chất lượng khách hàng của bạn càng cao, thì tiền hoa hồng của bạn càng cao; hiện tại chế độ tiền hoa hồng chia thành 5 cấp bậc, tỷ lệ hoa hồng thấp nhất là 20%, cao nhất là 50%, chi tiết cụ thể về chế độ hoa hồng , vui lòng nhấp vào 'chế độ hoa hồng' để tìm hiểu ! Nếu bạn có yêu cầu đặc biệt về tỷ lệ hoa hồng, vui lòng liên hệ với chuyên viên đại lý của chúng tôi. ",
  "3213": "Phương thức quảng cáo",
  "3214": "Tôi nên đặt liên kết quảng cáo và hình ảnh ở đâu trên trang web cá nhân của mình? ",
  "3215": "Bạn có thể đặt các biểu ngữ quảng cáo và link quảng cáo ở những vị trí nổi bật như trang chủ hoặc các trang có lưu lượng truy cập cao để mang lại cho bạn hiệu quả quảng cáo cao nhất. Bạn cũng có thể liên hệ với các chuyên viên hợp tác đại lý của chúng tôi để cùng nghiên cứu kế hoạch quảng cáo tốt nhất.",
  "3216": "Lợi nhuận và thanh toán",
  "3217": "Làm cách nào để kiếm được tiền hoa hồng? ",
  "3219": "Người chơi hợp lệ là người chơi đã đăng ký thành công tài khoản, có số tiền nạp và có mức đặt cược hợp lệ đạt yêu cầu của công ty.",
  "3220": "Tiền hoa hồng của tôi được tính như thế nào? ",
  "3221": "Tiền hoa hồng của đại lý được tính theo theo chính sách tiền hoa hồng. Việc tính toán tiền hoa hồng phải đáp ứng hai điều kiện chính: số lượng người chơi hợp lệ và lợi nhuận ròng của người chơi. Số lượng người chơi hợp lệ của bạn có liên quan đến việc bạn có thể tham gia nhận lợi nhuận hay không trong tổng lợi nhuận của nhóm và tổng giá trị lợi nhuận của nhóm có liên quan đến tỷ lệ tiền hoa hồng mà bạn có thể nhận được. Để biết thêm chi tiết, hãy xem phương án hợp tác liên doanh tiền hoa hồng.",
  "3222": "Các câu hỏi khác",
  "3223": "Tôi không chắc link của mình vẫn đang hoạt động bình thường hay không, làm sao để biết người chơi mà tôi giới thiệu có đang thuộc cấp dưới của tôi? ",
  "3224": "Tôi phải làm gì nếu quên mật khẩu đăng nhập? ",
  "3225": "Bạn không cần nhập mật khẩu để vào hệ thống của đại lý, bạn chỉ cần đăng nhập vào tài khoản thành viên có quyền hạn của đại lý, nhấp vào trung tâm đại lý là có thể vào hệ thống hậu đài của đại lý. Để lấy lại mật khẩu thanh toán, bạn có thể liên hệ với CSKH để đặt lại mật khẩu mới, sau đó tự mình đặt lại mật khẩu.",
  "3226": "Làm cách nào để thay đổi thông tin tài khoản của tôi? ",
  "3227": "Để đảm bảo tính bảo mật cho tài khoản của bạn, vui lòng liên hệ QQ của đại lý CSKH của chúng tôi và cung cấp các thông tin tài khoản có liên quan để được xem duyệt, xác minh và sửa đổi.",
  "3228": "Làm cách nào để thay đổi thông tin ngân hàng của tôi?",
  "3229": "Đăng nhập vào hậu đài của đại lý và nhấn vào 'Rút tiền hoa hồng' để thêm và sửa đổi thông tin ngân hàng.",
  "3230": "Công ty có thể cung cấp thêm thông tin về những người chơi mà tôi đã giới thiệu không?",
  "3231": "Chúng tôi hoan nghênh các đối tác liên doanh từ khắp nơi trên thế giới. Nếu muốn tham gia cùng chúng tôi, bạn có thể đăng nhập trực tiếp vào trang web của chúng tôi để liên hệ với nhóm liên doanh hợp tác để biết thêm các vấn đề liên quan.",
  "3234": "Lộ trình hợp tác ",
  "3235": "Các sản phẩm trò chơi",
  "3236": "Lợi thế dịch vụ",
  "3237": "Phương án tiền hoa hồng",
  "3238": "Câu hỏi về tham gia hợp tác",
  "3239": "Liên hệ với chúng tôi",
  "3242": "Thành viên",
  "3243": "Bảng biểu",
  "3246": "Số tiền tự nạp",
  "3248": "Xin vui lòng nhập số tiền tự nạp",
  "3249": "Thêm mới tháng này(người)",
  "3250": "Thêm mới tháng này hợp lệ(người)",
  "3251": "Thêm mới tháng này nạp lần đầu(người)",
  "3253": "Cấp dưới mới thêm",
  "3254": "Xác nhận thêm mới",
  "3260": "Yêu cầu rút tiền thất bại",
  "3262": "Chuyển đến thẻ ngân hàng",
  "3266": "Lịch sử nạp/rút",
  "3267": "Hạn mức nap tiền",
  "3268": "Rút tiền chiết khấu",
  "3277": "Hợp đồng của tôi",
  "3279": "Yêu cầu rút ",
  "3280": "Mật khẩu thanh toán",
  "3281": "Trung tâm tin tức",
  "3282": "Điều lệ tiền hoa hồng",
  "3284": "Bạn chưa ký hợp đồng đại lý và không thể đăng ký để lấy lại tư cách thành viên của mình.",
  "3285": "Mạng đang tắc nghẽn, xin vui lòng thử lại trong giây lát",
  "3286": "Xin vui lòng nhập 6 ký tự của mật khẩu cũ",
  "3293": "Tìm tài khoản hội viên",
  "3294": "Nộp đơn ngay lập tức",
  "3295": "Tất cả các trạng thái",
  "3296": "Hội viên không tồn tại",
  "3297": "Hội viên không đáp ứng yêu cầu ứng tuyển",
  "3299": "Thời gian nộp đơn",
  "3301": "Lưu ý: Chỉ có thể truy xuất tài khoản thành viên đã đăng ký thông qua liên kết đại lý của riêng bạn. Nếu tài khoản thành viên mới đã được đăng ký hơn 3 ngày và lịch sử xin phép thêm tài khoản đã bị từ chối, thì bạn sẽ không thể xin phép thêm được nữa.",
  "3303": "Tiếp nhận",
  "3305": "Thời gian có hiệu lực",
  "3306": "Tình trạng",
  "3307": "Hợp đồng tiền hoa hồng",
  "3308": "Có từ chối hợp đồng hay không?",
  "3309": "Từ chối hợp đồng",
  "3310": "Có chấp nhận hợp đồng hay không？",
  "3311": "Chấp nhận hợp đồng ",
  "3312": "Chi tiết hợp đồng",
  "3314": "Quy tắc",
  "3315": "Điều lệ tiền hoa hồng đại lý",
  "3316": "Tiền hoa hồng tạm tính",
  "3318": "Tỷ lệ tiền hoa hồng của đại lý được xác định bằng lợi nhuận của toàn đội trong tháng.",
  "3319": "Lợi nhuận của toàn đội được thống nhất tính bằng nhân dân tệ. Nếu thành viên sử dụng loại tiền tệ khác để đặt cược thì sau khi quy đổi sẽ được tính thống nhất theo tỷ giá quy đổi tương ứng.",
  "3320": "Chỉ cần số lượng thành viên hợp lệ trực thuộc của đại lý đạt đến điều kiện số lượng đã đặt ra, thì lợi nhuận của các thành viên dưới có thể được tính trong lợi nhuận của toàn đội.",
  "3321": "Hội viên hợp lệ: Trong tháng nạp tiền ≥100 và có mức cược hợp lệ ≥500",
  "3322": "Lưu ý: Số liệu trên là ví dụ mô phỏng",
  "3323": "Công thức tính tiền hoa hồng",
  "3324": "Tiền hoa hồng cá nhân = Tiền hoa hồng nhóm - tiền hoa hồng của cấp dưới",
  "3325": "Tiền hoa hồng của cấp dưới = Tổng tiền hoa hồng của đại lý cấp dưới trực thuộc trong nhóm",
  "3326": "Tiền hoa hồng nhóm = Lợi nhuận ròng sau khi điều chỉnh * tỉ lệ tiền hoa hồng + tiền hoa hồng VIP",
  "3327": "Lợi nhuận ròng sau khi điều chỉnh =  Lợi nhuận ròng trong tháng + số dư còn lại của tháng trước",
  "3328": "Lợi nhuận ròng trong tháng = Lợi nhuận trong tháng - chi phí vận hành - điều chỉnh tài khoản + lợi nhuận bổ xung",
  "3329": "Lợi nhuận trong tháng  = Tổng thắng thua của các hội viên trong nhóm đại lý của tháng đó",
  "3330": "Số dư còn lại của tháng trước  = Số dư tổn thất còn lại của đại lý tháng trước",
  "3331": "Chi phí vận hành: Khi tính toán tiền hoa hồng của đại lý thì chi phí mà công ty trả trước để giúp các đại lý quảng cáo phải được khấu trừ theo tỉ lệ tương ứng",
  "3332": "Tổng ưu đãi = Tổng ưu đãi mà các hội viên cấp dưới của đại lý đã nhận của nhà đài trong tháng đó",
  "3333": "Tổng tiền hoàn trả = Tổng tiền hoàn trả mà các hội viên cấp dưới của đại lý đã nhận của nhà đài trong tháng đó",
  "3334": "Phí server = Tổng lợi nhuận của các trò chơi * phí hậu đài, nếu trong tháng đó lợi nhuận dương thì nhà đài mới thu phí địa điểm",
  "3335": "Điều chỉnh tài khoản = Nếu số tiền giao dịch của hội viên có vấn đề, quản trị viên sẽ điều chỉnh tài khoản của hội viên",
  "3336": "Lợi nhuận bổ xung = Lợi nhuận ròng của tháng trước theo thời gian thực - lợi nhuận ròng nhận được của tháng trước",
  "3337": "Phí nạp tiền = tổng tiền nạp của hội viên cấp dưới * phí nạp tiền + Số tiền nạp hạn ngạch đại lý * phí nạp tiền",
  "3338": "Phí rút tiền = tổng tiền rút của hội viên cấp dưới * phí rút tiền",
  "3339": "Lưu ý: Xin ghi nhớ nếu sử dụng bất kỳ hình thức không trung thực để lừa gạt tiền hoa hồng thì tài khoản sẽ bị khóa vĩnh viễn, đồng thời chấm dứt quan hệ hợp tác và toàn bộ tiền hoa hồng đều không được trả.",
  "3343": "Chọn loại thao tác",
  "3345": "Đại lý trong nhóm",
  "3347": "Đại lý trực thuộc",
  "3348": "Quản lý thành viên",
  "3349": "Quản lý đại lý",
  "3350": "Quản lý nhóm",
  "3351": "Quản lý hợp đồng",
  "3354": "Vui lòng nhập tài khoản hội viên",
  "3355": "Chi tiết về hội viên",
  "3356": "Hội viên chuyển khoản",
  "3361": "Rút tiền",
  "3362": "Thời gian đăng nhập sau cùng",
  "3364": "Số ngày không đăng nhập",
  "3370": "Tổng kết thời gian",
  "3372": "Tên địa điểm",
  "3375": "Thắng thua",
  "3378": "Tổng đặt cược",
  "3381": "Quy định về cấp bậc  VIP",
  "3382": "Cấp bậc đại lý",
  "3383": "Số lượng hội viên hợp lệ",
  "3384": "Số lượng hội viên mới thêm hợp lệ",
  "3385": "Cấp bậc phúc lợi",
  "3386": "Lưu ý: Tiền hoa hồng sẽ mặc định thưởng theo cấp bậc VIP cao nhất và chỉ có thể nhận thưởng theo 1 cấp bậc duy nhât",
  "3388": "Xin vui lòng nhập số lượng thành viên",
  "3389": "Tổng lợi nhuận trong tháng",
  "3391": "Tiền hoa hồng có thể thu được trong tháng này của nhóm",
  "3392": "Tính toán",
  "3393": "Chú ý : Tiền hoa hồng tạm tính không bao gồm vốn vận hành trong tháng, số dư tháng trước cũng như những chi phí khác. Kết quả chỉ mang tính tham khảo",
  "3394": "Đăng ký tài khoản hội viên",
  "3395": "Thiết bị quảng cáo",
  "3396": "Lý do yêu cầu (không bắt buộc)",
  "3397": "Vui lòng nhập lý do (nhiều nhất 50 từ)",
  "3398": "Gửi thông tin yêu cầu",
  "3399": "Đăng ký thành công",
  "3400": "Bạn chưa ký hợp đồng đại lý và không thể đăng ký để lấy lại tư cách thành viên của mình.",
  "3405": "Lịch sử chơi của các hội viên trong nhóm theo thời gian thực",
  "3406": "Biểu lãi lỗ",
  "3407": "Tổng thắng thua của hội viên trong các trò chơi",
  "3408": "Biểu số lượng thành viên",
  "3409": "Tổng kết toàn bộ số lượng thành viên trong nhóm",
  "3410": "Biểu tài vụ",
  "3411": "Biểu tổng kết tài vụ nhóm",
  "3412": "Biểu tiền hoa hồng",
  "3413": "Tổng kết và chi tiết về tiền hoa hồng mỗi tháng của đại lý",
  "3414": "Chi tiết tài sản",
  "3415": "Chi tiết về lượng tiền giao dịch của đại lý",
  "3416": "Khoản thời gian của số liệu",
  "3417": "Tổng kết",
  "3421": "Loại hình thống kê",
  "3422": "Số lượng thành viên",
  "3424": "Hội viên mới thêm trực thuộc",
  "3425": "Hội viên mới thêm hợp lệ",
  "3429": "Số người có tiền hoàn trả",
  "3430": "Số người có tiền thưởng",
  "3431": "Số người vẫn đang hoạt động",
  "3432": "Só người được hoàn tiền",
  "3433": "Số người có thưởng VIP",
  "3434": "Số người có nhiệm vụ",
  "3435": "Số người quảng cáo",
  "3436": "Đại lý mới thêm của nhóm",
  "3437": "Đại lý trực thuộc mới thêm",
  "3439": "Tên gọi trò chơi",
  "3443": "Server game",
  "3447": "THĂNG BẰNG",
  "3448": "Thời gian thay đổi số dư tài khoản",
  "3449": "Chi tiết đơn",
  "3450": "Ví thay đổi số dư tài khoản",
  "3452": "Số dư sau khi thay đổi",
  "3455": "Xem chi tiết",
  "3457": "chuyển khoản",
  "3458": "Tự nạp",
  "3459": "Chỉnh sửa tài khoản",
  "3462": "tên miền",
  "3463": "Tên miền chính APP quảng cáo   ",
  "3464": "Tên miền quảng cáo H5 trang chính",
  "3465": "Tên miền quảng cáo PC trang chính",
  "3466": "Mã QR chống chặn (QQ)",
  "3467": "Mã QR chống chặn (Wechat)",
  "3468": "Mã QR link dài",
  "3469": "Link chống chặn (QQ)",
  "3470": "Link chống chặn (Wechat)",
  "3471": "Link dài",
  "3472": "Đã giúp quý khách sao chép thành công",
  "3474": "修改支付密码",
  "3475": "发放时间",
  "3476": "直属有效会员",
  "3478": "场馆费",
  "3479": "存提手续费",
  "3480": "由于下线会员上月注单存在获取延迟，该部分注单产生的输赢将记录在「补单输赢」中，并将加入本月的净输赢中。",
  "3484": "冲正后净输赢",
  "3485": "统计佣金调整的总和",
  "3486": "佣金调整",
  "3487": "VIP专享是额外佣金；是满足当月条件的佣金 * 比例所得",
  "3488": "团队总佣金",
  "3489": "下级代理总佣金",
  "3490": "个人佣金",
  "3491": "佣金发放状态",
  "3574": "{appName} sẽ tính theo tỷ lệ phần trăm dựa trên thu nhập ròng hàng tháng từ thể thao, casino,game slots và xổ số. Thu nhập ròng được xác định là: lợi nhuận gộp của công ty từ thể thao, casino,game slots và xổ số trừ đi phí giao dịch của hội viên,các phí về lỗi thanh toán, thuế, phí hậu đài, tiền thưởng và các phần thưởng khác, v.v. Phí tham chiếu và hoa hồng được tính toán dựa trên phương pháp thống kê và phương pháp thu thập dữ liệu của thể thao Ying Huang.",
  "3575": "{appName} đã có hơn 10 năm danh tiếng xuất sắc trong ngành . Cho dù người chơi sử dụng điện thoại di động, máy tính bảng, laptop hay máy tính để bàn thông thường, họ đều có thể tận hưởng trải nghiệm chơi game tuyệt vời. Đây là sự đảm bảo đáng tin cậy cho lợi nhuận của quý khách. Hệ thống tiền hoa hồng được thiết kế một cách tốt nhất để giúp quý khách tăng thu nhập dễ dàng hơn. Tận hưởng tiền hoa hồng lên đến 55% mỗi tháng",
  "3576": "Bảng đối chiếu tiền hoa hồng (dữ liệu sau đây chỉ mang giá trị tham khảo, {appName} có quyền giải thích cuối cùng)",
  "3577": "Kế hoạch liên doanh của {appName} là gì?",
  "3578": "{appName} là một dự án hợp tác kiếm lợi nhuận, miễn là người chơi đăng ký thành công tài khoản với tư cách là người chơi của bạn thông qua bất kỳ hình thức hoặc liên kết quảng cáo nào và có nạp tiền kèm theo có đặt cược trò chơi hợp lệ, thì bạn có thể nhận tiền hoa hồng từ tiền đặt cược hợp lệ của người chơi. Khi bạn đăng ký làm đại lý hợp tác của chúng tôi, bạn có thể nhận được tiền hoa hồng từ tiền cá cược của người chơi của bạn.",
  "3579": "Ưu điểm khi tham gia hợp tác làm đại lý của {appName}",
  "3580": "{appName} có hơn 10 năm kinh nghiệm trong ngành game và là thương hiệu quốc tế có uy tín cao. Triết lý của chúng tôi là các trò chơi công bằng công chính, luôn thanh toán theo thời gian thực . Gia nhập hợp tác với {appName} là hoàn toàn miễn phí, bạn chỉ cần sở hữu một hoặc nhiều trang web quảng cáo, thông qua đăng ký trực tuyến đơn giản và nhanh chóng, bạn có thể nhận ngay các công cụ quảng cáo như các  poster và các liên kết quảng cáo. Công ty không đặt ra giới hạn tiền hoa hồng. Càng nhiều người chơi của bạn giới thiệu đặt cược, bạn sẽ kiếm được càng nhiều lợi nhuận vào bất cứ lúc nào. Tự do sắp xếp thời gian làm việc theo ý bạn, từ giờ trở đi, bạn có thể dễ dàng trở thành ông chủ ngay tại nhà.",
  "3581": "{appName} cung cấp những ưu đãi nào cho các đối tác có thành tích tốt?",
  "3582": "Quảng cáo cho {appName} cần những liên kết quảng cáo nào?",
  "3583": "Sau khi đăng ký thành công tài khoản đại lý, bạn chỉ cần đăng nhập vào hậu đài đại lý của {appName} và nhấp vào mục trang web quảng cáo để xem liên kết quảng cáo độc quyền của bạn.",
  "3584": "Tôi có thể sử dụng logo công ty và các nội dung liên quan trên trang quảng cáo của tôi không? ",
  "3585": "Khi bạn tham gia hợp tác quảng cáo với chúng tôi, bạn sẽ chỉ được phép sử dụng các liên kết quảng cáo do {appName} cung cấp và không được phép thực hiện bất kỳ sửa đổi nào mà không có sự cho phép của công ty. ",
  "3586": "Nếu người chơi đăng ký tài khoản thông qua liên kết quảng cáo của bạn, hệ thống {appName} sẽ tự động ghi lại nguồn của khách hàng này và trên hậu đài đại lý của bạn cũng sẽ hiển thị tên tài khoản của người chơi. Thông qua phương pháp trên, chúng tôi có thể biết được khách hàng mới đến từ đâu.",
  "3587": "Làm thế nào {appName} biết rằng người chơi được giới thiệu từ liên kết quảng cáo của tôi?",
  "3588": "Khi bạn đặt liên kết quảng cáo của chúng tôi trên trang web của mình, người chơi mới thông qua link hoặc các hình thức quảng cáo khác của bạn biết đến đài nhà của {appName}, tiến hành đăng ký, nạp tiền và đặt cược để trở thành hội viên hợp lệ, thì bạn có thể nhận được phí hoa hồng từ lợi nhuận ròng do những người chơi đó . Thu nhập của bạn sẽ đến từ những người chơi mà bạn giới thiệu. Bạn giới thiệu càng nhiều người chơi thì tiền hoa hồng của bạn sẽ càng cao.",
  "3589": "Bạn có thể đăng nhập vào hệ thống hậu đài dành riêng cho đại lý của {appName} và nhấp vào mục đường link quảng cáo để kiểm tra xem liên kết độc quyền của bạn có được hiển thị bình thường hay không và kiểm tra tình trạng đăng ký mới của người chơi thông qua mục quản lý thành viên cấp dưới. Nếu có bất kỳ câu hỏi nào, bạn có thể liên hệ với đại lý của chúng tôi thông qua QQ để được tư vấn thêm.",
  "3590": "Để đảm bảo tính bảo mật cho tài khoản của tất cả hội viên, {appName} sẽ không cung cấp thông tin cá nhân của bất kỳ hội viên nào. Bất kể là đại lý hay người chơi, chúng tôi sẽ đảm bảo tính bảo mật và quyền riêng tư của tất cả hội viên.",
  "3591": "{appName} có chấp nhận đối tác liên doanh từ khắp nơi trên thế giới không? ",
  "3592": "Xin vui lòng nhập số tiền (giới hạn {minAmount}~{maxAmount})",
  "3593": "Xin vui lòng nhập thông tin {name}",
  "3594": "Thấp nhất {minRate}% ～ cao nhất {maxRate}%",
  "3595": "Tham gia vào {appName} ngày thứ {registeredDays}",
  "3596": "Tiền hoa hồng thêm vào {addedRebateRate}%，cao nhất {rebateAmountMax} tệ,",
  "3597": "Không truy xuất được thông tin đại lý, hãy thoát ra và thử lại",
  "3600": "Tài khoản chuyển vào",
  "3601": "Xin vui lòng nhập tên tài khoản gồm 6-15 ký tự",
  "3602": "Xin vui lòng nhập số tiền muốn chuyển",
  "3603": "Kiểu chuyển khoản",
  "3604": "Chuyển cho hội viên",
  "3605": "Chuyển cho đại lý",
  "3606": "Lưu ý: nếu chuyển tiền đến ví tiền trung tâm, thì cần hoàn thành đủ số vòng cược tương ứng mới có thể rút tiền",
  "3607": "Xác nhận chuyển khoản",
  "3608": "Tài khoản",
  "3610": "Chuyển cho bản thân"
}